211,88,144,62,101,49,90,93,94,73,47,203,48,81,146,246,141,115,192,146,178,195,244,141,197,143,182,252,147,180,175,255,196,254,214,142,194,142,214,191,248,200,251,220,189,255,179,255,194,247,255,248,255,250,252,255,252,255,251,255,247,252,255,249,255,248,255,249,255,251,247,255,246,254,188,252,255,244,253,197,252,219,250,252,255,212,249,255,244,255,243,250,255,242,254,253,253,248,255,255,186,255,244,254,193,191,253,200,244,255,177,252,196,191,203,208,192,194,189,182,198,194,194,248,195,255,250,253,255,255,249,255,243,255,247,255,253,253,255,254,245,254,248,255,255,255,250,253,255,253,250,255,253,251,255,255,255,255,253,255,255,255,255,255,255,255
204,248,4,155,56,98,88,94,89,48,184,0,255,17,163,104,254,143,33,251,101,233,101,251,157,255,125,91,167,174,187,162,255,149,155,157,160,173,137,255,154,251,165,195,247,164,188,188,250,255,252,255,154,255,250,255,255,247,252,247,255,254,249,254,254,248,254,255,247,255,249,255,255,255,251,251,255,255,253,253,255,245,255,248,255,252,255,247,167,181,255,255,255,255,250,247,252,254,246,254,255,250,255,255,169,255,252,255,173,247,190,169,252,159,245,202,255,253,246,184,165,247,172,255,164,248,255,253,250,255,253,237,255,254,253,255,255,252,254,255,205,246,255,255,242,255,255,255,249,173,251,243,255,255,242,248,255,252,255,255,255,255,255,255,255,255
255,0,255,4,136,0,40,33,96,54,0,90,3,94,34,251,78,90,250,94,248,145,255,159,247,97,139,255,166,251,96,255,166,254,140,96,172,159,146,159,255,163,172,194,173,35,154,254,169,255,249,198,245,164,244,255,255,254,252,254,248,253,255,249,255,255,255,254,255,255,251,251,246,255,251,255,251,249,254,249,247,253,255,172,241,188,255,170,255,250,246,244,255,253,255,251,169,251,253,255,157,249,190,164,255,161,245,160,251,170,197,251,160,255,163,253,167,247,177,198,255,167,252,188,255,240,255,255,161,255,255,255,249,247,255,242,242,251,250,253,248,255,255,252,255,255,248,247,255,252,253,255,165,255,255,241,255,254,255,252,255,255,255,255,255,255
189,251,1,243,26,97,7,81,0,53,101,0,89,49,168,86,255,150,81,255,249,255,92,254,40,163,195,89,251,91,195,164,254,163,185,252,169,167,97,255,168,160,92,194,245,170,155,206,252,253,233,209,248,252,255,247,251,255,254,253,255,252,247,255,246,250,249,252,255,255,242,255,255,239,255,249,248,255,255,255,252,255,252,242,252,255,247,249,244,253,255,253,255,252,253,250,255,165,255,255,252,177,201,245,169,252,208,255,164,253,191,169,249,159,254,196,255,160,255,184,166,251,175,255,255,255,243,251,252,255,252,247,255,255,249,255,252,244,255,249,255,255,251,255,253,249,242,250,250,252,255,254,251,255,244,255,255,246,254,253,255,255,255,255,255,255
215,58,142,55,78,55,41,34,58,53,15,104,51,182,137,193,48,135,203,128,146,174,189,135,190,134,146,193,145,142,176,144,90,201,120,142,91,91,136,94,89,142,198,174,192,141,148,201,195,192,216,245,255,252,248,254,254,245,249,253,254,253,255,247,255,255,255,244,255,194,255,248,218,247,251,255,244,247,248,253,248,210,244,255,246,214,250,197,254,252,248,249,255,255,252,255,250,254,250,255,195,238,207,202,255,189,255,188,253,196,210,249,195,255,203,252,188,255,201,180,244,193,255,209,248,253,255,251,193,246,255,255,243,252,242,253,255,255,190,202,239,249,255,251,210,255,255,255,245,201,188,254,206,245,255,250,254,255,250,255,255,255,255,255,255,255
145,75,31,98,44,44,0,32,34,63,0,37,33,45,90,99,165,52,160,176,165,135,173,171,91,90,98,167,27,169,137,90,168,87,83,36,163,33,143,5,97,29,252,179,93,170,164,249,162,246,254,186,253,166,251,252,253,242,255,250,255,169,250,255,254,243,154,255,185,255,248,255,240,255,247,170,255,255,251,171,253,199,166,253,172,248,167,254,242,206,255,245,255,252,255,172,253,250,255,172,255,255,196,255,167,247,193,255,165,255,188,172,255,168,241,194,252,157,244,189,171,255,161,255,247,253,163,190,252,252,169,250,255,254,255,255,248,255,245,254,251,250,255,169,255,253,248,252,253,255,238,255,253,240,255,255,246,255,255,250,255,255,255,255,255,255
142,96,36,32,46,35,41,36,32,51,44,37,83,61,37,88,161,148,95,163,89,200,151,165,168,92,139,84,170,90,134,98,86,170,94,179,24,34,86,167,165,169,100,101,163,101,165,192,255,255,255,255,249,255,255,251,255,255,244,249,252,253,255,250,247,180,246,167,245,180,251,247,254,252,163,248,248,248,250,252,252,199,255,249,254,249,255,252,250,255,251,252,248,250,175,241,252,251,188,246,167,250,190,166,246,171,253,165,255,158,186,252,154,251,174,250,165,255,168,194,254,159,255,141,255,97,250,255,255,255,247,250,251,255,253,161,137,174,252,178,199,251,253,248,192,250,255,253,255,237,255,249,247,255,249,247,255,252,246,252,255,255,255,255,255,255
143,97,33,33,26,33,3,31,33,28,25,37,42,48,164,168,171,47,164,90,169,89,39,171,39,166,88,176,90,168,93,89,95,87,92,88,165,38,91,92,88,93,160,42,41,158,35,251,161,252,249,252,251,161,254,255,251,90,255,255,255,244,251,255,196,251,171,254,255,252,254,255,254,249,255,246,255,254,253,164,251,196,255,254,168,248,251,253,167,189,252,248,255,255,255,168,255,162,255,165,250,171,197,253,168,240,204,247,168,251,209,160,251,170,252,200,244,177,241,201,166,255,162,252,172,242,169,186,255,157,168,255,255,243,255,167,197,250,255,165,186,255,250,255,255,248,255,248,197,255,245,255,172,245,255,253,255,251,255,253,255,255,255,255,255,255
135,50,22,51,53,48,3,45,0,0,1,23,53,29,97,90,136,104,144,192,132,115,85,134,89,191,146,85,200,92,139,55,133,27,50,25,84,27,48,90,26,133,57,46,252,139,143,207,254,245,255,219,255,192,250,255,255,254,255,255,244,254,199,252,221,196,192,193,255,243,255,247,251,196,250,252,254,202,253,192,194,175,254,199,251,255,246,255,190,255,194,254,255,211,189,195,196,192,207,196,193,191,171,192,195,191,213,197,200,198,171,195,193,191,199,211,196,194,192,181,194,184,147,216,255,190,255,255,197,247,255,255,174,194,193,255,253,250,254,255,250,252,255,250,255,252,255,246,255,185,254,193,251,208,251,255,253,251,250,245,255,255,255,255,255,255
255,3,86,8,55,0,97,10,34,27,2,78,36,21,30,254,37,137,158,101,163,84,255,98,255,37,131,42,84,88,102,244,38,166,55,95,40,157,96,34,168,40,3,92,168,89,165,255,169,255,255,240,245,176,248,196,255,158,247,255,252,255,239,255,254,242,175,170,249,250,251,255,255,255,169,254,186,252,167,250,250,190,255,173,233,255,255,249,255,245,255,252,255,187,164,255,167,255,194,252,160,255,193,161,250,165,255,153,255,159,192,255,166,254,162,255,161,255,93,180,255,169,248,86,255,153,255,192,251,250,250,240,253,253,250,255,240,255,247,254,202,161,253,247,253,255,250,171,200,255,171,246,165,255,255,246,255,253,254,255,255,255,255,255,255,255
49,164,5,236,7,31,24,39,0,21,38,3,91,20,163,36,91,136,103,247,94,193,86,255,33,240,145,162,255,90,128,38,164,92,192,89,164,99,190,99,92,154,96,138,81,179,92,189,255,248,243,202,254,250,255,255,161,253,172,247,255,170,176,255,194,174,156,255,200,255,247,255,253,166,251,158,255,164,255,166,254,187,255,249,168,247,255,235,249,251,254,255,248,193,255,164,255,159,255,164,255,160,193,254,170,252,190,250,255,255,194,163,246,179,245,195,248,175,248,210,160,253,168,255,93,255,255,251,254,255,255,255,247,166,255,165,255,174,250,91,192,255,167,255,255,254,254,245,188,175,248,255,243,205,255,165,254,252,253,252,255,255,255,255,255,255
254,1,84,5,93,8,38,0,95,16,0,34,3,25,32,167,93,133,164,93,160,209,166,36,255,2,189,251,173,88,186,255,7,145,145,95,30,81,94,34,163,36,169,135,171,94,160,255,167,255,253,255,248,170,246,255,255,239,255,254,251,158,255,242,191,252,164,163,241,165,251,254,199,245,176,255,187,253,160,255,167,194,255,242,252,251,255,172,255,194,247,255,249,249,166,251,175,250,195,254,166,254,195,159,248,171,252,155,255,164,185,255,170,247,169,246,178,245,176,183,255,172,255,140,255,82,251,189,249,255,254,162,197,255,153,254,134,254,238,255,202,80,255,159,255,159,240,174,188,255,242,255,167,250,250,255,248,252,248,253,255,255,255,255,255,255
179,88,17,55,81,42,15,25,26,50,27,19,57,23,204,90,196,138,144,139,140,166,49,188,132,193,100,154,129,153,216,94,131,66,94,53,149,54,81,91,89,56,45,110,93,132,45,214,192,252,241,205,255,249,255,212,249,204,185,187,247,189,255,197,185,199,197,198,179,191,146,251,249,200,241,208,252,199,253,248,249,218,251,255,251,252,240,255,247,255,255,252,208,213,255,252,235,206,245,201,250,192,214,252,196,255,195,255,192,253,219,249,255,192,254,174,252,144,248,216,193,244,191,183,147,187,149,177,194,251,130,102,176,138,253,193,251,133,206,129,134,194,251,193,208,202,192,204,251,188,255,182,255,252,201,255,255,253,242,255,255,255,255,255,255,255
191,6,41,31,17,4,6,0,0,23,3,0,27,3,89,85,161,146,95,83,101,99,163,171,169,91,96,90,30,35,93,32,92,1,55,98,26,95,44,98,0,95,37,136,163,100,166,194,248,251,255,194,167,160,252,254,248,255,249,255,186,255,153,255,195,246,254,161,255,83,255,94,246,255,89,241,142,253,255,255,165,254,240,177,245,255,255,93,255,192,254,250,238,195,169,252,179,252,199,248,166,254,199,168,254,154,255,170,255,161,208,253,162,169,163,193,161,254,85,134,253,174,165,135,245,94,244,199,165,168,255,159,248,163,255,169,195,159,167,164,184,255,168,253,199,249,255,246,191,255,253,164,247,247,255,245,253,253,255,245,255,255,255,255,255,255
87,39,0,26,10,0,36,2,3,23,0,41,29,28,152,102,178,87,80,7,34,131,97,160,88,93,99,83,44,85,51,96,166,92,49,30,41,43,52,37,89,37,90,98,86,34,33,254,96,251,93,254,250,167,161,200,253,166,246,162,255,175,255,173,192,253,168,248,197,251,88,255,144,84,254,86,255,172,252,165,253,195,251,254,169,251,157,255,255,248,251,251,174,201,239,254,255,156,254,166,254,166,189,251,158,255,203,245,173,245,200,163,252,174,250,186,255,93,252,145,174,85,171,255,166,255,168,246,168,252,166,252,197,170,249,165,254,181,161,169,255,169,163,159,197,166,255,255,252,255,167,255,163,254,166,253,255,251,250,255,255,255,255,255,255,255
98,0,43,0,2,38,33,37,37,50,32,0,39,18,40,86,33,53,41,90,89,143,161,95,170,89,52,94,162,36,92,93,88,92,89,95,34,77,31,86,4,91,37,88,94,41,34,251,237,105,242,255,249,255,255,251,166,249,255,252,196,246,174,250,193,164,255,90,251,97,252,94,141,251,100,255,133,255,154,255,253,197,252,255,255,187,255,162,253,255,255,250,255,188,169,255,167,251,195,252,171,248,192,171,255,162,247,170,247,179,191,253,169,163,161,255,160,255,91,189,253,165,163,140,252,90,250,255,161,175,166,165,255,155,253,166,194,161,169,160,196,255,167,168,188,252,255,239,204,162,249,168,253,193,251,167,247,255,253,255,255,255,255,255,255,255
49,37,5,2,17,7,32,2,5,47,2,29,3,30,83,96,92,96,87,94,167,84,92,97,92,90,98,252,39,39,47,90,37,90,21,41,169,90,139,2,94,0,93,12,98,92,35,249,165,251,90,253,169,252,250,194,255,156,250,173,246,168,255,168,245,252,94,254,132,251,89,253,192,83,255,171,244,167,254,170,255,196,252,255,253,255,254,249,157,255,166,254,176,196,246,172,255,169,247,168,241,174,196,252,164,252,200,252,171,247,194,166,163,165,252,194,249,96,164,90,169,155,177,198,83,170,175,184,164,164,168,255,191,161,254,250,192,251,170,162,202,160,255,165,255,167,246,163,196,252,255,249,255,251,170,247,255,249,253,255,255,255,255,255,255,255
132,55,0,24,6,45,19,23,2,38,22,7,22,7,139,90,138,103,89,104,88,149,20,132,53,136,111,192,50,54,77,28,88,53,60,88,86,50,40,192,129,212,43,118,130,84,103,170,248,206,255,214,253,255,248,215,190,191,186,253,209,254,140,247,184,140,195,193,217,193,194,137,184,197,186,202,210,202,196,179,200,238,199,182,255,251,199,201,197,209,200,245,190,172,193,199,193,191,208,197,198,184,187,190,191,202,194,189,194,190,177,196,135,200,129,154,140,139,143,106,89,102,128,133,149,191,183,219,145,193,136,182,143,136,197,189,255,200,251,196,212,248,192,247,215,248,208,255,213,253,248,203,244,248,251,189,253,254,254,246,255,255,255,255,255,255
206,8,36,1,21,5,39,1,31,13,4,29,5,19,37,250,39,80,99,86,162,51,166,6,255,39,128,166,168,33,99,150,32,167,84,33,44,91,83,92,93,29,90,92,185,90,86,255,255,238,253,254,255,250,255,255,255,172,255,247,255,172,239,255,192,172,236,167,248,167,250,165,187,250,164,248,199,248,173,254,255,211,253,255,255,248,248,165,254,187,255,172,253,197,158,253,164,252,214,255,163,255,195,163,251,171,251,183,247,96,186,159,168,92,169,191,92,248,29,201,164,88,102,93,255,89,250,135,253,95,254,100,131,255,87,254,194,251,168,255,187,172,253,169,249,255,247,159,194,255,160,255,168,255,149,255,249,255,250,255,255,255,255,255,255,255
136,93,0,36,4,98,0,89,1,25,28,12,84,25,252,97,255,97,91,255,167,252,34,168,168,247,28,175,162,164,194,42,173,27,145,33,162,93,102,164,94,93,11,119,91,81,99,195,248,255,255,196,249,175,252,240,162,153,170,251,195,253,169,246,188,171,172,166,198,158,168,252,193,165,255,154,255,171,246,244,249,250,250,248,252,255,254,248,253,255,165,247,156,198,255,158,255,150,250,165,241,172,195,248,162,248,182,255,158,255,192,255,255,164,161,140,252,38,250,51,92,91,160,136,83,255,42,252,88,251,90,243,149,159,255,158,248,170,255,155,198,255,163,248,207,252,253,253,195,166,255,164,255,242,247,173,250,255,252,254,255,255,255,255,255,255
251,3,28,4,132,35,40,0,173,52,86,94,0,49,105,246,29,135,95,174,170,194,255,33,253,37,140,36,162,99,138,246,88,165,63,161,35,89,130,33,89,90,84,98,169,92,154,194,249,254,255,255,160,255,246,255,254,165,252,249,255,250,253,254,137,161,249,165,254,172,248,170,192,255,161,255,197,255,166,255,172,197,255,255,255,236,255,167,252,190,252,169,255,195,163,255,163,255,195,253,174,248,183,174,254,160,255,167,255,78,252,255,161,255,87,140,92,246,6,197,94,169,89,109,253,86,250,139,255,88,255,86,143,248,255,254,201,239,173,250,255,163,252,174,241,247,255,173,195,250,255,255,253,255,184,255,250,248,250,255,255,255,255,255,255,255
179,92,61,49,23,53,20,53,22,45,158,85,96,49,194,141,190,109,144,138,181,205,200,135,51,141,113,194,85,188,139,105,91,52,105,57,53,96,144,56,138,90,135,102,150,150,145,255,193,255,186,211,198,188,196,214,195,201,184,191,207,190,206,139,143,210,142,255,210,249,141,192,212,193,255,183,255,193,249,190,252,252,255,253,252,255,255,246,255,255,195,251,193,203,251,180,252,201,254,187,252,197,220,249,194,252,202,247,197,253,170,193,191,195,194,111,251,108,125,132,187,138,188,169,127,201,140,249,135,249,139,198,207,134,255,251,245,251,255,255,209,190,187,197,226,192,198,244,252,191,255,255,253,242,251,251,255,255,255,251,255,255,255,255,255,255
189,96,83,37,67,87,43,94,31,50,88,7,30,142,88,162,107,78,167,168,98,134,92,92,93,179,126,40,163,176,142,25,165,44,193,149,39,150,54,166,1,245,106,49,165,86,84,192,251,167,240,196,255,164,255,197,160,251,161,254,203,244,165,255,151,75,248,101,248,94,255,87,141,254,249,255,190,246,173,255,255,182,252,255,250,246,250,255,252,187,250,163,251,207,147,253,168,255,193,255,167,243,193,165,251,169,255,167,252,255,195,162,255,162,160,186,175,85,92,255,172,254,157,198,251,171,255,83,255,174,255,164,186,255,250,162,255,250,164,251,255,244,255,255,186,254,164,255,255,167,254,156,255,255,255,255,252,248,254,247,255,255,255,255,255,255
195,35,94,34,89,44,23,91,91,56,88,95,86,95,169,92,160,98,84,91,159,255,86,98,93,85,94,92,95,88,87,98,36,82,49,99,162,42,139,35,90,36,160,87,93,163,47,187,255,255,170,253,168,254,165,191,255,168,249,157,246,172,255,160,190,255,171,248,140,255,164,255,189,97,255,83,255,174,247,87,248,197,250,255,248,255,254,252,168,255,91,255,170,138,251,162,253,90,255,160,251,176,194,255,169,253,186,255,163,255,193,253,161,168,171,134,254,82,255,134,159,172,250,146,4,85,30,1,33,164,168,154,200,164,248,165,250,172,247,255,251,173,244,253,255,255,252,163,193,255,244,255,255,251,243,251,253,251,253,255,255,255,255,255,255,255
189,0,42,0,52,10,78,43,44,37,36,31,96,44,43,25,27,146,86,96,85,98,32,93,90,93,86,42,83,97,90,40,88,6,53,93,35,92,55,88,40,81,5,54,160,45,165,54,254,160,255,137,255,169,253,190,171,246,168,251,188,255,154,255,141,93,249,172,255,93,254,165,143,254,166,255,138,248,175,244,255,241,251,249,248,255,254,159,249,200,253,169,251,202,161,251,168,255,183,255,165,253,203,158,171,166,255,167,253,92,194,255,163,161,162,144,163,248,0,59,43,80,46,18,11,0,0,1,6,0,26,42,147,167,255,254,187,255,170,157,190,254,250,255,196,252,250,255,255,255,249,167,255,254,255,255,255,249,255,246,255,255,255,255,255,255
226,49,86,25,81,18,26,18,41,44,62,23,51,109,23,57,30,99,96,84,99,75,156,42,136,52,75,92,103,93,71,56,22,48,12,56,16,91,82,88,54,28,86,11,97,95,253,203,194,255,191,251,201,246,205,214,255,200,250,197,255,183,203,187,172,202,191,249,160,196,142,190,130,140,190,195,213,255,192,254,194,255,255,255,253,255,189,255,193,211,193,188,199,175,189,197,186,188,212,198,191,194,172,137,133,196,168,139,143,209,119,255,189,213,197,134,136,37,0,0,0,15,0,0,0,0,6,7,0,12,4,21,19,189,198,190,212,255,186,201,255,188,255,188,251,255,252,191,252,250,252,255,254,253,251,253,253,244,254,254,255,255,255,255,255,255
136,174,38,86,48,167,2,255,1,54,84,5,80,34,149,6,241,56,86,174,96,130,36,255,8,254,54,156,92,165,141,1,164,4,95,38,170,167,88,174,35,158,98,199,158,88,169,209,249,162,255,197,242,166,251,199,166,247,177,254,192,234,182,245,136,163,165,173,204,162,255,164,255,163,255,162,242,161,251,165,245,242,246,253,255,255,160,255,173,253,251,255,255,195,255,166,253,156,254,164,252,243,202,250,164,255,143,250,95,241,206,248,178,150,33,0,4,0,38,2,3,2,0,2,2,0,3,0,7,0,1,0,11,34,255,255,255,160,255,93,190,254,168,255,252,255,173,250,255,246,255,166,251,255,252,255,255,251,254,255,255,255,255,255,255,255
250,88,105,84,140,12,160,0,255,22,30,50,0,134,1,254,37,152,94,82,88,52,251,6,164,1,141,39,91,88,54,93,3,94,19,162,39,171,92,35,88,5,95,47,253,96,158,189,168,247,168,250,163,174,160,186,255,168,164,154,255,174,255,169,149,242,177,167,197,254,167,169,247,160,166,175,197,253,169,250,254,255,255,246,167,201,255,156,252,186,254,246,253,198,167,243,173,255,182,255,164,255,192,255,253,156,192,96,251,171,192,91,76,10,0,2,0,45,0,0,7,0,1,7,7,6,5,2,0,0,6,0,0,90,245,244,195,255,86,255,199,157,255,165,250,240,246,163,254,250,249,253,251,255,253,253,254,255,255,250,255,255,255,255,255,255
144,252,86,101,65,78,0,254,0,86,93,88,90,56,255,0,251,44,87,95,160,142,7,250,5,249,47,87,39,88,95,4,170,0,143,39,164,29,140,255,40,159,34,138,33,163,169,192,172,170,253,194,250,160,250,197,163,250,168,252,194,247,154,254,184,167,165,170,233,255,166,158,193,173,157,165,253,253,255,167,255,251,237,255,252,246,255,253,255,249,251,255,164,197,254,171,239,179,255,166,251,170,185,252,169,252,143,255,253,255,23,0,0,0,2,25,0,2,0,8,2,1,2,0,0,2,0,0,5,0,0,2,6,2,255,250,253,255,255,163,147,255,250,250,201,252,171,255,242,246,255,253,254,251,254,251,249,250,253,251,255,255,255,255,255,255
216,47,102,91,125,28,63,18,147,78,84,88,56,73,55,138,57,127,101,140,143,104,142,45,136,58,73,109,84,58,46,84,59,100,47,86,54,59,55,54,88,64,79,117,143,87,205,172,184,197,185,212,194,199,198,175,196,190,196,195,209,195,206,198,145,199,191,183,226,143,201,199,172,185,148,191,181,250,248,199,250,255,255,255,255,253,253,186,255,212,254,252,251,204,184,255,247,255,208,245,146,185,137,149,199,251,212,95,137,39,0,0,5,0,25,0,9,0,4,0,0,4,3,0,0,4,1,3,0,5,0,7,0,4,18,252,213,201,242,188,132,255,252,199,253,254,189,246,252,255,254,254,253,250,255,254,255,248,250,255,255,255,255,255,255,255
206,29,92,92,6,32,0,29,0,95,88,107,94,89,40,89,92,52,42,80,163,96,87,102,88,97,87,92,100,36,49,94,0,91,1,44,83,33,92,33,91,0,90,52,163,165,254,195,164,254,163,253,162,255,155,198,251,92,254,167,254,165,238,169,186,251,97,255,189,255,161,254,192,108,245,85,255,171,249,169,252,194,253,250,240,255,162,252,173,242,168,247,171,205,253,245,254,158,249,101,244,95,194,253,249,255,83,4,5,0,2,5,3,0,0,6,0,0,0,8,0,5,1,0,1,0,0,0,7,1,0,2,0,4,0,43,251,173,164,164,151,166,255,166,193,255,255,252,253,253,244,255,253,255,255,232,255,253,252,255,255,255,255,255,255,255
133,45,94,81,97,34,39,1,94,50,93,87,33,52,90,90,90,92,89,100,86,84,101,82,93,86,147,85,98,85,92,33,97,0,53,30,36,90,27,89,2,35,0,49,167,251,168,193,251,151,255,193,251,173,254,191,166,251,167,252,190,254,167,253,202,158,255,162,254,93,255,91,143,245,168,255,133,253,255,252,255,134,99,248,172,252,255,248,249,204,255,254,254,243,173,255,168,254,191,251,163,255,199,86,94,82,9,0,4,6,0,0,2,1,6,0,4,2,3,0,1,1,0,2,4,2,5,2,1,0,4,4,4,0,9,159,197,245,179,170,186,170,247,253,189,255,162,255,238,173,255,249,255,255,239,189,239,254,254,253,255,255,255,255,255,255
198,27,102,31,93,33,1,89,93,51,85,94,34,88,36,94,85,100,96,88,88,101,91,86,93,37,81,100,92,98,90,168,40,84,28,32,93,29,58,0,87,35,94,23,159,166,255,194,165,250,165,255,170,255,168,194,253,92,255,165,255,162,254,166,198,244,92,255,140,249,101,241,135,95,170,155,199,165,250,253,253,97,158,180,250,251,255,255,253,255,161,254,177,190,254,162,255,86,249,96,255,94,133,1,0,0,0,0,0,0,0,0,0,0,0,0,0,0,0,0,0,0,0,0,0,0,0,0,3,0,5,0,1,5,4,32,252,165,178,165,247,254,255,167,255,162,255,243,255,255,255,254,178,239,255,251,255,255,255,255,255,255,255,255,255,255
187,108,85,90,53,30,32,3,94,2,97,95,87,55,83,0,98,94,81,96,96,87,88,97,89,95,103,31,24,30,103,30,86,36,52,35,32,90,52,174,0,36,2,13,164,39,32,188,251,181,252,189,251,83,252,189,167,255,84,255,191,255,166,255,194,98,248,96,252,89,247,12,147,245,94,252,140,255,42,253,161,195,171,239,169,254,246,163,251,189,255,166,255,196,162,253,158,255,202,251,159,250,9,0,0,0,0,0,0,0,0,0,0,0,0,0,0,0,0,0,0,0,0,0,0,0,0,0,0,0,5,2,4,1,2,38,193,171,156,253,254,251,168,255,191,247,160,255,198,251,255,252,236,255,249,247,255,253,252,253,255,255,255,255,255,255
175,52,88,55,52,30,82,58,19,26,0,45,91,111,58,142,51,104,99,73,61,77,132,59,139,51,93,101,56,22,49,92,28,91,25,52,95,53,53,16,63,24,47,106,255,128,138,113,199,248,90,176,142,255,194,219,250,194,253,188,255,194,255,189,215,193,141,252,135,200,93,133,103,145,206,84,101,198,251,47,255,205,200,123,209,220,188,198,136,216,143,192,249,203,194,150,196,196,203,144,146,7,0,3,0,0,0,0,0,0,0,0,0,0,0,0,0,0,0,0,0,0,0,0,0,0,0,0,2,3,0,0,3,6,0,22,255,243,246,255,139,239,254,187,253,255,255,253,245,249,247,251,255,255,250,252,255,251,252,255,255,255,255,255,255,255
139,89,40,34,20,31,3,92,0,23,102,90,92,54,251,1,90,96,95,93,93,138,5,243,0,172,53,88,37,89,90,2,159,1,84,44,86,31,96,167,0,94,49,176,161,104,163,134,250,169,255,88,163,100,248,136,92,255,164,243,203,255,145,251,193,158,161,170,255,160,85,97,140,250,157,97,151,161,251,249,250,190,175,174,159,186,168,159,170,244,171,168,161,199,171,155,162,166,139,25,5,1,0,3,0,0,0,0,0,0,0,0,0,0,0,0,0,0,0,0,0,0,0,0,0,0,0,0,0,6,7,2,10,3,0,9,248,168,255,85,189,255,255,255,254,245,255,255,251,252,252,255,248,253,255,255,252,252,255,255,255,255,255,255,255,255
204,29,91,37,15,9,164,0,94,59,78,87,31,144,7,249,0,141,88,99,89,62,248,3,255,0,134,42,90,38,56,161,6,166,24,91,28,97,86,31,97,0,169,53,104,24,251,198,161,252,164,255,167,244,170,198,254,161,255,176,253,171,254,168,188,175,168,82,135,172,84,97,88,93,94,161,136,157,90,176,253,205,241,252,249,197,170,165,250,255,252,170,255,196,169,254,171,162,58,2,4,0,2,0,0,0,0,0,0,0,0,0,0,0,0,0,0,0,0,0,0,0,0,0,0,0,0,0,3,4,2,0,1,0,22,77,188,255,89,255,201,255,230,90,255,255,255,243,251,255,243,250,253,252,254,250,249,255,255,253,255,255,255,255,255,255
138,86,35,39,24,167,1,255,0,90,103,41,88,48,170,0,250,49,93,75,94,132,5,247,0,254,24,98,28,94,83,2,82,3,90,40,40,35,49,171,0,182,0,186,33,157,45,139,170,162,255,192,255,166,246,196,166,239,171,255,194,253,167,254,203,153,251,170,255,162,255,82,191,255,168,92,140,254,160,169,255,186,250,255,251,255,158,255,168,206,154,255,157,181,175,166,34,0,4,0,5,8,0,8,0,0,0,0,0,0,0,0,0,0,0,0,0,0,0,0,0,0,0,0,0,0,0,0,2,2,1,4,4,0,0,13,248,163,255,159,249,245,175,254,255,254,246,255,254,252,255,253,255,251,253,253,253,255,252,253,255,255,255,255,255,255
220,91,54,134,26,20,199,43,143,14,0,99,60,76,39,56,51,110,97,100,91,68,136,60,98,51,103,59,88,57,80,87,50,92,85,131,53,134,81,56,91,82,64,55,18,58,144,171,193,189,201,199,90,89,146,173,213,197,179,199,214,190,150,194,180,195,198,190,137,201,179,204,175,194,134,92,140,255,89,138,252,150,140,190,133,166,198,146,183,178,189,196,255,255,86,0,0,2,0,3,1,0,7,0,0,0,0,0,0,0,0,0,0,0,0,0,0,0,0,0,0,0,0,0,0,0,0,0,3,1,0,0,8,12,6,0,84,250,146,247,175,195,255,137,254,249,255,255,249,243,255,255,252,250,255,255,255,255,249,255,255,255,255,255,255,255
136,41,82,47,10,96,0,92,4,57,40,91,28,101,93,92,95,14,94,84,93,97,97,89,81,101,54,82,45,85,57,94,37,162,51,32,36,36,142,35,90,39,86,90,38,159,172,192,165,252,165,253,167,167,166,190,248,164,255,169,251,170,246,164,184,175,157,171,140,253,172,249,255,156,255,94,132,99,252,166,255,83,254,255,255,250,92,250,171,251,164,255,167,134,1,2,4,2,6,0,3,2,6,0,0,0,0,0,0,0,0,0,0,0,0,0,0,0,0,0,0,0,0,0,0,0,0,0,0,2,2,0,0,0,2,0,139,168,163,167,192,255,243,255,189,255,254,248,254,255,254,252,255,252,253,247,253,255,248,255,255,255,255,255,255,255
133,31,41,30,54,5,0,5,91,24,39,37,84,100,36,35,38,86,89,103,83,97,89,95,95,88,90,40,88,85,100,89,38,36,50,96,34,86,51,92,35,91,36,53,164,91,87,204,255,164,174,186,255,158,249,194,169,250,174,255,189,254,173,255,142,89,173,153,255,93,252,163,185,90,171,90,51,252,91,252,88,255,169,245,101,251,253,166,253,138,246,100,247,23,4,0,0,0,0,0,0,0,0,0,0,0,0,0,0,0,0,0,0,0,0,0,0,0,0,0,0,0,0,0,0,0,0,0,2,3,0,0,0,3,9,0,141,247,174,247,192,179,246,166,255,255,255,252,252,255,255,255,255,255,255,255,255,255,255,255,255,255,255,255,255,255
93,43,37,30,86,80,12,81,38,49,33,33,45,41,93,93,94,89,99,86,97,82,98,87,83,93,85,99,36,93,51,42,30,169,52,24,103,35,135,38,35,42,81,3,38,4,96,136,170,250,159,255,168,255,164,192,255,158,252,166,248,166,245,165,197,163,170,169,147,243,95,250,151,86,170,163,139,100,255,42,255,137,255,94,249,189,93,251,162,249,172,254,34,6,0,1,0,0,0,0,0,0,0,0,0,0,0,0,0,0,0,0,0,0,0,0,0,0,0,0,0,0,0,0,0,0,0,0,0,3,0,5,5,0,0,12,195,255,254,156,196,246,156,173,242,252,255,254,251,254,253,248,255,255,255,255,255,255,255,255,255,255,255,255,255,255
151,41,59,100,86,53,53,94,50,45,57,63,84,79,136,61,131,148,84,85,95,111,23,141,64,138,77,55,54,83,110,17,59,16,54,29,49,51,56,145,48,88,56,76,16,102,21,141,246,197,253,197,255,194,250,214,194,255,187,255,211,254,143,253,173,200,250,138,249,150,246,152,205,133,195,137,108,251,194,246,141,255,131,255,141,187,196,197,198,179,196,0,2,0,7,0,0,0,0,0,0,0,0,0,0,0,0,0,0,0,0,0,0,0,0,0,0,0,0,0,0,0,0,0,0,0,0,0,2,2,4,0,0,8,6,0,210,252,253,201,211,255,251,255,228,246,255,254,252,255,255,252,255,255,255,255,255,255,255,255,255,255,255,255,255,255
191,34,26,32,41,5,91,2,253,35,25,33,93,92,31,252,36,139,99,89,88,57,248,1,247,77,150,94,90,87,84,255,1,167,56,85,36,103,87,91,177,35,167,47,38,83,255,188,168,255,171,255,154,250,164,190,253,163,255,158,255,173,250,167,193,251,165,255,204,250,80,255,142,97,255,171,249,162,171,161,167,192,253,173,160,136,152,168,153,147,4,0,0,0,1,2,0,0,0,0,0,0,0,0,0,0,0,0,0,0,0,0,0,0,0,0,0,0,0,0,0,0,0,0,0,0,0,0,3,6,4,0,8,0,7,86,192,249,255,251,253,245,250,255,244,254,255,254,252,254,255,251,255,255,255,255,255,255,255,255,255,255,255,255,255,255
186,47,35,40,34,80,5,168,0,56,87,99,37,48,255,0,253,44,156,106,147,141,1,255,8,255,16,166,0,103,139,33,84,34,93,1,172,78,143,255,77,164,97,86,39,255,33,197,253,166,248,192,252,163,255,196,161,250,166,255,193,254,161,252,198,170,255,165,254,81,255,86,192,153,254,159,255,254,163,168,170,189,169,246,178,243,253,255,177,6,5,0,0,2,0,0,0,0,0,0,0,0,0,0,0,0,0,0,0,0,0,0,0,0,0,0,0,0,0,0,0,0,0,0,0,0,0,0,0,0,7,0,0,4,0,7,254,254,255,251,188,255,255,245,255,255,254,254,254,254,254,254,255,255,255,255,255,255,255,255,255,255,255,255,255,255
255,31,91,26,53,0,94,2,172,21,100,88,85,133,4,245,0,143,183,233,171,59,248,2,249,3,136,101,171,89,143,253,37,167,51,168,35,177,97,87,167,94,168,27,249,37,251,199,166,255,93,255,157,254,170,190,255,176,252,153,255,170,255,167,190,251,173,249,195,248,95,171,94,94,168,164,201,86,255,90,166,134,171,166,162,198,173,244,88,0,2,6,3,0,0,4,0,0,0,0,0,0,0,0,0,0,0,0,0,0,0,0,0,0,0,0,0,0,0,0,0,0,0,0,0,0,0,0,4,3,2,0,6,0,12,92,253,251,167,244,255,247,255,255,253,248,247,253,255,255,255,255,255,255,255,255,255,255,255,255,255,255,255,255,255,255
179,12,108,47,52,53,3,46,57,21,53,52,65,77,87,51,144,76,93,98,103,95,64,132,91,147,104,134,50,98,70,56,137,94,106,49,135,47,109,90,88,160,20,96,98,187,206,167,196,177,195,217,181,200,193,174,186,146,176,194,209,197,188,195,146,135,97,129,145,143,139,137,177,129,140,134,104,192,207,92,199,171,192,139,198,243,199,255,144,2,4,0,1,6,9,0,0,0,0,0,0,0,0,0,0,0,0,0,0,0,0,0,0,0,0,0,0,0,0,0,0,0,0,0,0,0,0,0,2,0,4,0,0,2,2,18,248,200,252,255,214,255,249,255,255,254,253,255,255,253,251,250,255,255,255,255,255,255,255,255,255,255,255,255,255,255
252,43,28,95,189,7,79,1,88,7,91,93,31,98,35,95,90,91,89,90,87,142,88,96,95,79,58,93,165,88,54,34,85,46,13,167,42,89,46,170,171,77,41,21,164,92,88,200,252,171,255,194,253,170,252,195,170,255,174,251,199,248,93,255,139,165,163,172,186,92,255,4,197,168,157,99,137,255,89,253,94,249,170,252,89,160,239,94,0,0,0,0,1,0,2,3,0,0,0,0,0,0,0,0,0,0,0,0,0,0,0,0,0,0,0,0,0,0,0,0,0,0,0,0,0,0,0,0,2,1,3,3,5,0,1,36,254,255,160,255,182,255,251,249,252,255,255,254,252,254,255,255,255,255,255,255,255,255,255,255,255,255,255,255,255,255
199,33,33,30,24,87,34,92,39,56,36,83,93,90,91,97,84,87,103,89,157,157,150,97,165,94,46,99,91,89,57,39,34,95,52,163,154,40,136,94,167,89,166,82,96,160,98,138,164,251,176,246,161,247,169,191,255,168,252,165,255,90,242,172,196,167,167,244,197,255,91,252,135,95,165,255,193,87,255,165,254,142,246,97,252,142,255,249,0,0,0,0,0,0,0,0,0,0,0,0,0,0,0,0,0,0,0,0,0,0,0,0,0,0,0,0,0,0,0,0,0,0,0,0,0,0,0,0,0,0,0,8,0,0,6,35,255,241,254,166,193,166,246,255,255,252,253,255,255,255,252,251,255,250,254,255,254,253,250,255,255,255,255,255,255,255
249,96,41,35,50,5,81,0,87,23,95,99,94,88,89,88,96,96,85,163,110,130,103,89,97,88,105,22,101,27,89,33,89,33,18,106,101,27,98,36,33,88,86,151,88,174,93,140,252,163,249,194,255,163,255,191,165,169,153,255,188,254,97,251,196,162,165,180,180,85,255,165,210,86,248,94,127,254,87,254,94,251,96,253,94,141,255,93,0,0,0,0,0,0,0,0,0,0,0,0,0,0,0,0,0,0,0,0,0,0,0,0,0,0,0,0,0,0,0,0,0,0,0,0,0,0,0,0,5,0,5,0,4,3,0,175,244,255,254,241,254,255,250,252,255,255,252,253,252,254,254,254,255,245,248,185,248,248,255,251,255,255,255,255,255,255
198,79,33,30,91,92,102,92,95,50,93,87,2,21,93,38,169,139,167,95,152,88,161,93,83,164,150,151,34,170,89,36,34,174,86,86,93,32,137,92,35,94,255,93,80,95,94,197,176,243,163,255,154,254,164,197,255,164,251,175,249,163,255,90,187,164,169,243,147,255,86,252,190,252,165,159,151,95,255,1,252,150,255,150,250,142,165,3,0,0,0,0,0,0,0,0,0,0,0,0,0,0,0,0,0,0,0,0,0,0,0,0,0,0,0,0,0,0,0,0,0,0,0,0,0,0,0,0,0,0,0,4,2,0,13,245,255,249,255,250,255,239,255,252,253,235,247,255,245,254,248,252,249,255,250,234,246,255,255,255,255,255,255,255,255,255
134,65,43,60,56,16,56,49,53,51,49,56,45,85,55,15,9,56,91,101,93,111,81,145,96,140,100,147,95,139,109,95,53,55,83,85,59,92,27,138,0,96,83,142,93,53,86,210,247,196,251,222,246,193,248,213,197,187,194,250,220,252,139,255,179,204,182,205,180,131,255,140,255,194,193,150,104,191,126,197,131,218,133,196,148,132,194,0,0,0,0,0,0,0,0,0,0,0,0,0,0,0,0,0,0,0,0,0,0,0,0,0,0,0,0,0,0,0,0,0,0,0,0,0,0,0,0,0,0,0,0,9,2,0,22,255,255,140,189,255,137,145,244,255,169,255,255,246,218,255,245,255,254,217,251,255,255,255,255,252,255,255,255,255,255,255
255,90,40,32,46,4,161,4,165,3,41,2,89,94,0,172,4,55,86,160,98,46,255,87,254,38,192,87,250,39,143,157,34,94,0,35,0,92,52,89,166,28,35,27,251,0,255,196,168,253,173,246,162,254,166,200,246,181,166,162,197,168,251,92,189,161,165,173,135,255,160,255,190,250,171,246,133,172,172,166,178,185,176,168,154,202,0,0,0,0,0,0,0,0,0,0,0,0,0,0,0,0,0,0,0,0,0,0,0,0,0,0,0,0,0,0,0,0,0,0,0,0,0,0,0,0,0,0,5,0,10,0,6,0,6,251,132,249,169,249,192,172,253,255,255,253,251,251,255,254,255,163,252,188,252,241,254,252,255,253,255,255,255,255,255,255
138,83,34,96,55,94,0,168,2,55,87,42,42,46,251,0,160,58,94,94,85,146,0,250,0,251,97,169,94,165,150,37,166,32,96,43,254,38,128,173,42,164,97,139,87,246,33,143,254,166,254,198,255,153,255,187,169,246,169,242,146,254,87,247,145,169,255,157,147,92,255,85,196,171,248,172,135,162,86,170,154,198,255,251,161,144,33,5,0,0,0,0,0,0,0,0,0,0,0,0,0,0,0,0,0,0,0,0,0,0,0,0,0,0,0,0,0,0,0,0,0,0,0,0,0,0,0,0,0,0,6,0,0,3,102,247,253,248,247,255,242,255,250,242,255,245,242,255,196,255,251,250,250,247,255,253,249,253,255,254,255,255,255,255,255,255
255,94,35,24,96,1,98,0,248,19,93,91,80,138,45,250,3,136,89,172,81,58,168,100,253,93,195,85,254,90,133,159,37,92,0,244,37,154,58,91,152,97,156,55,253,93,255,137,92,249,156,255,157,255,171,255,255,167,250,173,253,89,255,169,188,165,254,164,139,167,93,255,191,175,167,164,149,171,168,94,175,197,245,169,255,131,44,0,0,0,0,0,0,0,0,0,0,0,0,0,0,0,0,0,0,0,0,0,0,0,0,0,0,0,0,0,0,0,0,0,0,0,0,0,0,0,0,0,0,1,0,3,0,10,226,255,187,255,252,252,255,253,255,255,252,175,248,255,245,246,254,255,255,252,255,250,255,246,255,247,255,255,255,255,255,255
247,56,61,46,82,97,14,144,52,75,96,95,95,81,122,28,140,176,190,142,89,79,140,189,88,191,146,193,136,203,137,95,195,139,172,22,91,22,134,140,56,92,90,111,185,195,193,174,197,188,200,216,190,204,246,179,191,191,200,191,132,148,137,144,140,145,139,139,146,197,191,136,138,188,196,193,134,92,193,138,186,174,255,247,188,183,46,3,0,0,0,0,0,0,0,0,0,0,0,0,0,0,0,0,0,0,0,0,0,0,0,0,0,0,0,0,0,0,0,0,0,0,0,0,0,0,0,0,3,0,4,0,2,0,211,249,220,251,255,242,251,254,248,254,254,254,252,255,249,255,255,251,249,179,249,253,253,255,243,253,255,255,255,255,255,255
254,167,37,27,53,85,39,5,91,53,28,37,34,93,33,38,88,142,169,169,89,146,35,164,95,158,55,87,164,179,128,39,167,32,92,89,33,42,75,173,88,96,92,91,92,94,170,191,170,162,255,199,255,164,255,197,167,251,168,166,138,173,88,166,90,161,166,87,196,87,251,174,255,167,251,94,56,250,91,255,168,242,98,250,93,140,2,5,0,0,0,0,0,0,0,0,0,0,0,0,0,0,0,0,0,0,0,0,0,0,0,0,0,0,0,0,0,0,0,0,0,0,0,0,0,0,0,0,0,0,7,0,9,33,255,255,194,251,255,253,255,252,255,255,254,168,168,255,252,164,163,255,175,178,251,255,252,251,255,251,255,255,255,255,255,255
190,94,37,38,23,86,0,92,36,51,101,28,94,22,40,89,92,98,158,35,84,137,88,95,91,40,139,170,168,156,144,168,40,29,144,94,40,26,104,85,37,90,167,19,86,92,255,92,164,252,174,245,165,255,79,197,158,179,86,175,193,89,255,93,198,181,171,155,142,255,94,248,133,168,155,255,136,96,248,90,255,139,255,169,251,242,91,0,0,0,0,0,0,0,0,0,0,0,0,0,0,0,0,0,0,0,0,0,0,0,0,0,0,0,0,0,0,0,0,0,0,0,0,0,0,0,0,0,7,6,0,2,0,36,255,249,185,255,253,248,193,163,244,255,255,247,245,175,245,255,255,164,243,212,245,252,255,250,254,255,255,255,255,255,255,255
204,33,35,40,52,3,102,31,91,58,30,9,86,51,33,34,92,49,94,166,47,90,35,88,29,88,95,91,168,99,139,93,81,104,48,91,100,91,90,98,88,94,87,99,164,247,93,90,247,164,166,198,255,163,255,144,165,171,159,163,190,255,164,255,131,243,162,255,198,89,255,95,199,87,255,83,90,254,98,255,252,254,165,243,85,148,3,2,0,0,0,0,0,0,0,0,0,0,0,0,0,0,0,0,0,0,0,0,0,0,0,0,0,0,0,0,0,0,0,0,0,0,0,0,0,0,0,0,0,0,2,11,0,88,252,255,255,255,250,253,255,255,255,250,251,255,246,255,243,255,246,248,255,240,252,249,255,249,254,254,255,255,255,255,255,255
206,93,27,50,49,48,53,50,90,29,49,15,147,103,19,138,56,135,132,89,85,74,138,55,96,138,114,93,187,142,105,141,55,129,52,143,44,89,78,90,89,91,89,64,183,141,146,207,198,255,191,255,247,255,254,207,255,174,255,203,214,189,255,138,211,200,253,185,138,255,131,253,170,250,137,188,184,136,244,250,248,180,254,189,255,182,46,0,0,0,0,0,0,0,0,0,0,0,0,0,0,0,0,0,0,0,0,0,0,0,0,0,0,0,0,0,0,0,0,0,0,0,0,0,0,0,0,0,9,0,0,0,0,95,254,251,252,253,251,245,253,255,246,255,255,248,255,249,255,251,255,255,244,250,255,250,255,250,255,251,255,255,255,255,255,255
254,43,32,31,29,165,34,255,2,13,38,98,37,43,105,0,165,4,92,96,249,136,32,160,31,169,52,240,37,249,92,83,176,83,204,0,254,4,138,35,81,96,83,136,7,248,177,191,252,164,251,188,253,254,254,255,160,249,251,251,248,255,159,255,197,177,156,252,193,168,255,170,255,165,254,174,133,255,164,168,170,179,255,254,239,185,0,5,0,0,0,0,0,0,0,0,0,0,0,0,0,0,0,0,0,0,0,0,0,0,0,0,0,0,0,0,0,0,0,0,0,0,0,0,0,0,0,0,0,12,2,0,62,250,254,249,255,244,255,255,249,255,251,238,252,255,255,248,253,249,255,249,254,255,253,252,255,250,254,255,255,255,255,255,255,255
251,87,89,89,102,0,255,2,250,62,96,89,85,143,0,247,0,102,85,171,96,89,255,98,252,34,194,44,165,41,137,177,76,179,80,250,9,240,58,91,86,105,165,55,244,2,255,143,173,254,153,255,171,252,163,195,254,173,250,155,203,251,248,168,241,160,255,171,194,255,160,253,194,254,171,251,192,255,253,167,253,197,255,246,168,198,177,0,0,0,0,0,0,0,0,0,0,0,0,0,0,0,0,0,0,0,0,0,0,0,0,0,0,0,0,0,0,0,0,0,0,0,0,0,0,0,0,0,9,0,2,2,193,255,255,253,244,252,255,248,245,253,255,255,255,248,249,251,255,254,255,255,255,255,250,251,255,248,251,255,255,255,255,255,255,255
255,35,35,37,22,170,100,245,92,245,31,162,12,54,244,42,253,97,162,30,255,140,106,234,161,255,85,249,84,254,81,95,179,81,255,0,245,44,138,90,99,88,86,54,97,255,0,144,245,160,255,185,255,158,255,202,252,173,247,175,141,255,162,249,201,159,169,250,188,164,255,160,252,159,178,161,203,241,162,247,249,255,251,255,255,245,255,87,0,0,0,0,0,0,0,0,0,0,0,0,0,0,0,0,0,0,0,0,0,0,0,0,0,0,0,0,0,0,0,0,0,0,0,0,0,0,0,0,0,0,1,7,136,249,252,253,200,255,243,255,255,232,251,252,254,252,250,255,253,251,249,255,247,252,255,251,250,250,251,255,255,255,255,255,255,255
254,252,21,56,60,85,135,101,134,80,61,0,88,102,94,91,92,75,24,141,52,138,186,149,143,137,208,98,186,96,110,53,135,138,135,141,91,195,82,86,93,87,96,77,135,142,146,171,204,195,186,215,193,201,248,207,140,187,255,254,128,201,195,198,213,138,190,197,180,196,190,194,215,195,188,193,170,205,242,205,255,248,249,254,248,255,250,140,0,0,0,0,0,0,0,0,0,0,0,0,0,0,0,0,0,0,0,0,0,0,0,0,0,0,0,0,0,0,0,0,0,0,0,0,0,0,0,0,8,0,0,28,254,255,254,255,253,255,251,249,252,254,254,255,255,253,253,250,255,253,253,248,253,253,255,253,252,255,252,255,255,255,255,255,255,255
253,168,92,87,102,97,86,33,90,95,7,34,34,57,168,33,92,94,165,92,168,86,179,159,169,95,187,171,89,163,90,166,90,98,95,92,85,105,79,94,93,84,96,96,90,92,93,192,166,255,162,255,170,255,90,191,253,174,165,252,195,165,251,85,194,170,247,163,198,253,166,250,145,247,167,250,145,164,250,169,252,251,255,253,255,255,255,248,97,0,0,0,10,0,0,6,0,0,0,0,0,0,0,0,0,0,0,0,0,0,0,0,0,0,0,0,0,0,0,0,0,0,0,0,0,0,0,0,5,0,0,92,246,255,171,254,255,255,255,255,255,255,255,255,249,251,250,253,249,254,255,250,255,255,255,255,255,255,255,255,255,255,255,255,255,255
145,87,97,177,77,96,90,38,103,13,32,90,44,43,167,40,96,139,39,166,89,140,95,172,158,159,104,164,164,178,91,92,94,83,97,28,98,80,98,94,94,91,91,89,96,86,37,147,250,164,254,132,255,90,250,144,247,165,255,161,198,246,168,255,140,251,166,249,203,163,254,169,250,171,255,90,135,255,93,255,173,254,243,254,247,255,255,252,239,20,3,11,0,4,6,0,0,0,0,0,0,0,0,0,0,0,0,0,0,0,0,0,0,0,0,0,0,0,0,0,0,0,0,0,0,0,0,0,0,10,11,83,255,253,253,255,255,255,255,255,255,255,255,255,255,255,255,255,188,255,241,254,255,255,255,255,255,255,255,255,255,255,255,255,255,255
250,43,89,81,62,95,81,99,35,89,98,92,33,143,31,38,40,16,32,163,166,100,157,94,171,95,127,159,99,166,91,95,0,90,84,98,100,91,78,45,92,93,90,88,100,95,84,91,158,255,171,250,92,255,161,255,176,165,171,253,198,165,255,162,250,169,255,164,190,253,165,255,200,255,93,255,136,99,251,88,247,203,251,168,255,191,248,255,255,23,0,4,9,0,6,3,0,0,0,0,0,0,0,0,0,0,0,0,0,0,0,0,0,0,0,0,0,0,0,0,0,0,0,0,0,0,0,0,3,1,0,83,255,249,253,253,255,255,255,255,255,255,255,255,241,255,246,172,195,255,249,254,255,255,255,255,255,255,255,255,255,255,255,255,255,255
204,32,40,42,45,38,104,157,85,106,75,93,28,61,156,43,37,142,42,181,162,143,154,174,92,91,153,94,164,82,146,89,34,90,97,97,21,40,93,86,88,94,91,102,161,99,4,141,166,168,167,139,165,84,255,249,241,176,246,175,200,242,164,252,198,248,158,248,209,81,253,171,255,78,158,89,141,251,88,255,165,253,250,247,251,253,252,251,250,133,12,0,0,11,0,6,0,0,0,0,0,0,0,0,0,0,0,0,0,0,0,0,0,0,0,0,0,0,0,0,0,0,0,0,0,0,0,0,5,0,44,178,242,244,255,250,255,255,255,255,255,255,255,255,255,255,250,164,248,255,255,253,255,255,255,255,255,255,255,255,255,255,255,255,255,255
203,51,18,136,29,26,14,27,54,30,94,57,197,102,101,86,22,73,38,193,88,106,140,94,195,87,127,55,83,96,112,94,86,98,43,150,22,143,54,101,90,97,57,41,134,61,87,52,195,252,129,101,200,252,134,255,199,201,136,247,207,197,247,197,251,197,249,191,214,195,141,196,205,202,142,191,140,194,192,255,201,198,183,255,244,222,255,255,255,243,88,12,0,0,13,0,0,0,0,0,0,0,0,0,0,0,0,0,0,0,0,0,0,0,0,0,0,0,0,0,0,0,0,0,0,0,0,0,0,1,192,248,211,255,254,253,255,255,255,255,255,255,255,255,250,186,255,253,254,254,251,249,255,255,255,255,255,255,255,255,255,255,255,255,255,255
255,40,31,95,56,95,43,29,0,24,43,166,32,94,162,42,169,3,254,4,253,146,95,255,88,170,92,249,44,254,83,93,163,99,194,0,248,0,140,83,87,94,86,152,1,150,1,137,254,158,172,139,252,172,253,136,251,153,176,168,199,255,171,252,194,252,165,255,193,163,169,162,200,154,173,167,139,165,178,241,168,189,255,245,246,255,252,249,245,255,172,162,38,0,6,0,0,0,0,0,0,0,0,0,0,0,0,0,0,0,0,0,0,0,0,0,0,0,0,0,0,0,0,0,0,0,0,0,2,26,251,255,254,248,255,249,255,255,255,255,255,255,255,255,249,253,166,252,251,248,255,255,255,255,255,255,255,255,255,255,255,255,255,255,255,255
255,255,167,90,50,3,171,37,37,1,80,103,244,56,36,86,0,89,81,253,96,139,155,97,254,92,196,41,245,38,143,95,98,92,47,255,9,251,63,103,97,91,87,47,255,1,169,23,88,103,254,251,92,248,40,249,168,98,89,246,189,165,255,167,249,172,179,82,190,174,156,168,135,171,159,249,192,173,243,168,251,200,255,249,254,248,254,255,252,248,251,255,161,31,0,2,0,0,0,0,0,0,0,0,0,0,0,0,0,0,0,0,0,0,0,0,0,0,0,0,0,0,0,0,0,0,0,0,10,43,243,249,255,249,255,246,255,255,255,255,255,255,255,255,255,244,255,255,255,236,250,251,255,255,255,255,255,255,255,255,255,255,255,255,255,255
255,0,39,0,21,97,33,36,37,22,3,91,7,15,93,1,96,51,255,41,250,93,99,156,102,158,57,253,0,255,54,88,94,90,140,4,248,6,134,31,89,39,92,143,0,254,5,87,30,93,31,54,247,91,253,92,251,88,170,94,190,255,88,251,146,240,165,251,144,165,255,164,197,168,164,175,128,167,166,255,170,192,255,253,255,255,255,250,255,252,253,248,255,144,5,0,0,0,0,0,0,0,0,0,0,0,0,0,0,0,0,0,0,0,0,0,0,0,0,0,0,0,0,0,0,0,0,0,0,157,255,253,252,249,254,255,255,255,255,255,255,255,255,255,255,255,159,255,246,255,255,246,255,255,255,255,255,255,255,255,255,255,255,255,255,255
253,21,19,23,29,16,11,2,138,16,16,7,18,51,18,196,15,81,50,199,135,110,141,86,201,95,66,52,99,88,142,93,93,83,80,134,57,93,78,89,90,94,57,51,135,100,135,53,88,65,121,119,91,133,149,135,197,140,197,183,185,181,152,190,175,198,193,193,146,195,195,135,219,132,192,210,133,193,135,140,89,220,187,253,255,217,255,249,253,251,255,250,255,251,136,0,0,8,0,6,0,0,11,0,0,0,0,0,0,0,0,0,3,0,0,4,0,1,2,2,2,0,2,0,0,0,0,0,18,151,243,255,255,255,252,255,255,255,255,253,255,252,249,253,255,255,248,195,255,248,255,255,255,238,255,255,252,255,252,255,255,255,255,255,255,255
254,37,37,1,47,24,98,90,31,21,4,92,34,104,35,87,95,20,43,92,90,84,93,91,87,98,89,93,89,94,93,96,91,91,96,105,78,102,89,97,88,100,77,95,109,81,81,62,93,29,16,8,0,11,17,10,34,98,154,46,130,180,76,174,255,162,247,173,179,255,161,254,190,255,92,250,144,93,255,90,177,184,255,249,248,250,236,255,252,255,247,251,252,255,250,174,0,1,0,0,0,5,0,14,0,0,0,0,0,0,0,0,0,1,7,3,2,1,3,0,0,0,6,2,2,5,0,1,0,251,255,246,254,246,255,251,248,252,251,252,255,255,253,255,250,251,255,249,251,252,251,255,238,224,242,249,247,254,252,255,255,255,255,255,255,255
253,25,0,87,31,0,44,82,38,21,95,1,29,18,97,36,97,11,39,84,93,137,100,92,93,95,90,95,92,92,91,87,94,86,95,34,42,79,98,91,91,36,42,9,72,9,13,0,10,0,0,6,4,0,2,0,0,0,16,0,0,4,1,33,189,250,175,254,193,89,251,84,246,92,251,33,140,247,85,255,91,255,246,255,164,255,249,249,248,255,249,250,249,250,246,169,170,7,0,12,0,3,5,0,0,0,0,0,0,0,0,0,0,0,1,0,1,0,0,0,4,0,4,0,0,4,0,3,34,251,255,255,254,255,254,254,252,255,255,253,254,253,253,255,250,255,241,170,252,244,252,253,255,242,255,255,252,255,252,255,255,255,255,255,255,255
255,0,46,10,83,26,6,36,1,21,35,95,0,58,30,91,42,84,97,84,40,95,86,89,172,90,133,93,89,169,92,96,86,15,40,1,6,0,8,0,1,0,0,5,3,0,0,12,0,4,2,0,0,0,3,3,12,0,0,0,7,0,4,5,6,91,255,166,204,253,171,255,197,255,31,255,139,105,255,88,244,146,250,164,255,198,239,255,255,246,253,255,255,252,255,253,176,76,4,0,4,7,0,4,0,0,0,0,0,0,0,0,3,4,0,0,3,5,1,1,0,1,0,3,0,0,5,0,102,247,251,253,255,253,249,255,247,253,253,252,255,255,251,250,255,253,254,255,246,255,255,248,255,249,255,255,254,255,252,254,255,255,255,255,255,255
252,32,12,48,78,28,55,16,46,78,50,86,17,49,94,96,85,59,145,89,142,109,88,90,92,139,72,148,52,135,78,92,94,0,6,0,5,0,7,4,3,0,7,0,16,0,3,0,3,4,0,0,4,6,1,0,0,2,6,0,5,7,5,0,2,0,3,14,48,90,148,185,216,197,185,195,141,180,139,253,203,212,139,191,255,254,255,255,252,255,255,250,255,251,255,246,251,142,6,1,4,0,12,0,0,0,0,0,0,0,0,0,0,1,0,9,0,2,0,5,4,0,11,0,5,27,203,180,241,255,255,243,255,255,250,251,255,255,251,249,255,255,252,247,255,251,250,243,255,249,255,254,252,247,252,254,252,254,253,254,255,255,255,255,255,255
251,84,34,97,18,0,35,3,37,32,37,2,174,63,28,90,35,135,0,246,35,134,160,97,172,95,201,0,255,4,139,176,30,0,0,0,2,7,0,0,0,0,0,0,5,0,10,2,0,0,5,2,0,3,1,5,2,2,0,1,9,0,0,3,2,0,1,6,5,2,0,44,52,246,182,247,185,183,252,165,244,189,255,178,239,255,248,245,249,255,252,255,247,203,248,255,252,255,189,254,43,5,0,2,0,0,0,0,0,0,0,0,7,1,0,3,0,3,4,4,0,3,3,0,88,239,168,247,254,243,255,248,254,255,255,253,240,252,255,252,254,254,253,254,246,255,255,253,243,255,255,251,255,254,255,255,254,254,253,253,255,255,255,255,255,255
255,91,170,0,65,34,30,38,38,83,0,90,0,86,95,93,88,22,255,40,250,90,96,168,88,163,52,250,34,246,58,28,6,4,0,3,5,0,0,9,0,7,0,9,0,4,0,0,2,2,5,0,0,0,0,0,4,1,7,0,0,8,0,0,2,8,3,6,0,3,2,0,54,35,91,175,190,167,162,255,172,255,83,255,255,254,255,255,254,245,253,255,252,237,255,242,255,250,255,243,250,91,3,0,0,0,0,0,0,0,0,0,0,0,13,0,0,0,9,0,1,0,1,20,173,164,255,195,164,250,255,252,255,243,255,255,212,236,253,255,255,253,252,254,254,254,241,255,254,255,252,242,252,252,252,252,253,253,254,254,255,255,255,255,255,255
197,25,10,94,51,0,40,32,87,24,94,33,173,54,38,90,34,137,3,158,5,140,161,88,165,92,135,7,247,7,132,1,0,8,0,0,1,2,8,0,0,1,4,4,0,2,0,1,4,0,0,2,5,1,0,1,0,1,0,0,1,0,0,3,0,0,0,0,0,0,0,4,2,4,0,86,145,168,250,170,166,190,255,94,255,193,252,255,248,202,255,249,249,255,252,255,249,255,245,255,255,251,50,2,0,0,0,0,0,0,0,0,1,13,72,31,36,0,35,5,2,87,37,253,163,253,255,252,254,255,247,255,252,255,255,251,251,255,255,250,253,255,255,255,190,250,255,255,244,254,252,255,255,255,255,254,254,253,254,253,255,255,255,255,255,255
206,8,91,4,34,21,25,134,19,31,0,56,0,76,61,44,23,34,87,52,192,82,87,92,140,85,107,139,94,146,76,0,0,0,0,0,0,0,0,0,0,0,0,0,0,0,0,0,0,0,0,0,0,0,0,0,0,0,0,0,0,0,0,0,0,0,0,0,0,0,0,0,0,0,0,0,0,25,85,142,91,182,186,196,254,254,255,188,195,217,247,254,255,255,246,252,253,246,253,255,253,251,255,20,0,0,5,0,4,5,106,255,90,195,253,250,200,135,254,255,252,194,250,217,255,181,253,252,255,255,255,255,255,255,255,255,255,255,255,255,255,255,255,255,253,249,253,255,255,254,254,249,255,255,255,255,255,255,255,255,255,255,255,255,255,255
197,89,83,88,25,30,37,38,37,17,91,33,99,53,85,39,85,97,34,95,89,51,36,91,90,100,94,100,88,96,22,4,0,0,0,0,0,0,0,0,0,0,0,0,0,0,0,0,0,0,0,0,0,0,0,0,0,0,0,0,0,0,0,0,0,0,0,0,0,0,0,0,6,1,1,5,3,0,0,7,3,138,174,251,168,242,165,255,89,197,255,242,252,255,255,255,253,250,255,239,249,249,106,0,0,8,3,8,0,81,255,249,255,89,252,255,247,255,253,190,254,255,251,247,252,255,255,255,255,255,255,255,255,255,255,255,255,255,255,255,255,255,255,255,251,245,255,251,245,255,254,255,255,255,255,255,255,255,255,255,255,255,255,255,255,255
255,0,102,0,49,37,33,30,163,63,32,95,24,95,33,95,99,87,83,94,91,87,97,87,92,84,140,97,84,94,10,0,0,0,0,0,0,0,0,0,0,0,0,0,0,0,0,0,0,0,0,0,0,0,0,0,0,0,0,0,0,0,0,0,0,0,0,0,0,0,0,0,5,0,0,2,7,6,2,0,0,15,255,164,255,254,255,255,253,255,241,255,249,250,255,248,245,255,255,250,255,169,254,2,5,0,5,165,155,255,245,255,254,246,254,255,252,255,255,253,253,159,252,255,254,253,251,191,255,255,255,255,255,255,255,255,255,255,255,255,255,255,255,255,247,255,255,238,253,255,240,250,255,255,255,255,255,255,255,255,255,255,255,255,255,255
129,46,0,38,24,42,38,97,42,44,86,0,91,56,100,32,95,84,95,97,88,102,84,166,92,88,90,91,90,89,30,8,0,0,0,0,0,0,0,0,0,0,0,0,0,0,0,0,0,0,0,0,0,0,0,0,0,0,0,0,0,0,0,0,0,0,0,0,0,0,0,0,3,2,0,0,0,0,1,3,4,3,2,248,255,247,168,252,160,252,251,251,255,252,255,247,254,247,253,246,244,251,45,4,2,5,43,251,174,252,255,251,253,171,250,248,255,237,252,195,255,255,253,250,252,250,254,254,255,255,255,255,255,255,255,255,255,255,255,255,255,255,255,255,255,247,251,255,253,252,255,251,255,255,255,255,255,255,255,255,255,255,255,255,255,255
213,28,48,53,55,44,50,52,47,59,95,2,49,79,46,94,81,88,46,51,50,98,97,90,83,97,116,45,142,111,6,0,0,0,0,0,0,0,0,0,0,0,0,0,0,0,0,0,0,0,0,0,0,0,0,0,0,0,0,0,0,0,0,0,0,0,0,0,0,0,0,0,0,2,3,3,4,5,4,1,8,0,3,16,92,101,250,139,201,170,251,195,248,255,251,255,254,248,182,200,199,203,20,0,2,50,182,253,255,244,255,248,253,186,255,240,208,254,248,218,247,202,246,252,195,196,190,215,255,255,255,255,255,255,255,255,255,255,255,255,255,255,255,255,255,250,255,192,250,255,255,243,255,255,255,255,255,255,255,255,255,255,255,255,255,255
194,1,96,5,52,95,44,93,38,86,6,164,5,94,96,37,102,17,248,0,255,50,37,94,94,94,53,253,0,249,4,9,0,0,0,0,0,0,0,0,0,0,0,0,0,0,0,0,0,0,0,0,0,0,0,0,0,0,0,0,0,0,0,0,0,0,0,0,0,0,0,0,0,0,0,0,0,0,1,0,0,5,2,12,2,97,161,162,158,142,164,255,255,254,253,255,167,255,254,159,255,157,1,1,38,87,252,255,252,255,253,253,252,255,251,255,235,255,175,244,255,250,255,199,255,247,255,190,255,255,255,255,255,255,255,255,255,255,255,255,255,255,255,255,255,250,249,255,246,255,164,255,255,255,255,255,255,255,255,255,255,255,255,255,255,255
193,79,6,90,24,4,26,38,88,26,94,2,86,13,42,29,4,13,6,45,0,60,83,97,93,86,140,1,252,39,5,0,0,0,0,0,0,0,0,0,0,0,0,0,0,0,0,0,0,0,0,0,0,0,0,0,0,0,0,0,0,0,0,0,0,0,0,0,0,0,0,0,2,3,5,5,3,0,1,3,0,10,0,1,1,4,40,162,166,137,165,251,249,202,255,247,255,240,255,255,161,97,2,0,38,249,255,255,246,255,249,255,254,171,246,255,250,254,244,204,253,247,254,255,166,247,171,188,255,255,255,255,255,255,255,255,255,255,255,255,255,255,255,255,248,172,249,171,252,255,250,247,255,255,255,255,255,255,255,255,255,255,255,255,255,255
255,10,24,6,49,39,36,94,86,55,0,92,2,55,85,97,30,34,237,1,250,50,94,90,93,92,46,255,4,250,1,0,0,0,0,0,0,0,0,0,0,0,0,0,0,0,0,0,0,0,0,0,0,0,0,0,0,0,0,0,0,0,0,0,0,0,0,0,0,0,0,0,4,0,0,0,3,1,0,0,1,0,8,3,0,0,2,170,170,191,169,164,255,247,250,255,252,255,188,172,165,0,3,2,161,254,249,255,254,250,255,248,255,236,255,250,172,254,168,191,255,168,255,191,253,254,248,200,255,255,255,255,255,255,255,255,255,255,255,255,255,255,255,255,255,250,255,247,255,247,175,252,255,255,255,255,255,255,255,255,255,255,255,255,255,255
255,91,3,88,25,30,38,35,39,19,86,3,100,13,38,92,39,87,0,255,2,89,30,2,91,94,198,0,255,0,20,4,0,0,0,0,0,0,0,0,0,0,0,0,0,0,0,0,0,0,0,0,0,0,0,0,0,0,0,0,0,0,0,0,0,0,0,0,0,0,0,0,0,0,0,0,0,0,0,0,0,0,0,2,1,1,10,24,164,189,175,240,174,255,254,255,255,251,201,247,162,0,3,32,166,247,255,251,255,250,255,248,250,254,255,246,255,255,249,252,251,251,255,248,174,255,164,194,252,165,255,254,253,253,254,255,255,255,251,255,250,246,255,255,255,255,247,172,250,255,250,255,255,255,255,255,255,255,255,255,255,255,255,255,255,255
207,0,21,6,71,21,25,24,21,28,2,58,2,56,94,92,86,54,137,20,146,31,61,20,90,138,106,148,57,148,46,0,0,0,0,0,0,0,0,0,0,0,0,0,0,0,0,0,0,0,0,0,0,0,0,0,0,0,0,0,0,0,0,0,0,0,0,0,0,0,0,0,0,0,0,0,0,0,0,0,2,0,0,3,1,0,3,13,22,177,128,202,144,195,255,253,204,244,204,215,12,3,8,22,202,255,255,255,255,251,255,251,204,255,250,255,197,255,253,251,255,255,251,216,248,248,255,214,255,245,255,248,255,252,194,254,254,253,255,251,252,255,253,190,218,245,194,255,255,250,255,255,255,255,255,255,255,255,255,255,255,255,255,255,255,255
198,45,0,92,29,38,28,0,32,26,91,0,97,20,37,35,45,51,39,86,3,90,92,36,0,42,52,85,90,164,48,6,0,0,0,0,0,0,0,0,0,0,0,0,0,0,0,0,0,0,0,0,0,0,0,0,0,0,0,0,0,0,0,0,0,0,0,0,0,0,0,0,0,0,0,0,0,0,0,0,3,0,1,3,2,0,0,3,0,50,255,254,255,144,255,158,246,107,243,95,0,4,0,250,240,255,255,255,255,253,254,255,249,168,255,194,253,252,255,193,171,242,161,254,167,255,173,245,241,255,254,163,255,255,244,255,255,252,253,244,255,245,169,249,195,164,255,241,255,249,255,252,255,255,255,255,255,255,255,255,255,255,255,255,255,255
250,0,96,12,44,30,37,37,4,49,8,88,0,97,27,90,25,30,35,10,87,29,38,0,44,94,81,102,90,31,26,0,0,0,0,0,0,0,0,0,0,0,0,0,0,0,0,0,0,0,0,0,0,0,0,0,0,0,0,0,0,0,0,0,0,0,0,0,0,0,0,0,0,0,0,0,0,0,0,0,1,0,0,2,2,0,0,1,3,47,250,252,90,255,167,253,252,247,193,91,0,2,96,167,255,252,252,254,255,253,254,255,255,253,255,250,178,249,250,246,255,169,255,189,250,251,246,255,255,255,243,252,248,255,247,255,255,255,255,255,255,249,255,163,194,249,253,255,252,255,252,253,255,255,255,255,255,255,255,255,255,255,255,255,255,255
145,88,0,85,34,36,36,35,35,59,84,29,93,83,99,96,101,87,25,86,36,13,88,92,32,88,147,101,93,162,46,3,0,0,0,0,0,0,0,0,0,0,0,0,0,0,0,0,0,0,0,0,0,0,0,0,0,0,0,0,0,0,0,0,0,0,0,0,0,0,0,0,0,0,0,0,0,0,0,0,1,0,0,1,2,1,1,2,5,21,255,253,249,193,254,166,250,253,252,0,4,4,19,248,254,249,253,254,252,254,255,255,254,172,247,251,255,244,255,254,255,240,255,255,254,255,255,253,255,245,255,255,249,245,255,233,246,251,241,255,248,255,253,255,250,255,254,255,251,255,255,253,255,255,255,255,255,255,255,255,255,255,255,255,255,255
208,58,61,51,43,53,47,54,95,49,59,55,144,85,78,58,80,122,52,92,11,24,59,86,88,93,141,45,136,58,108,0,0,0,0,0,0,0,0,0,0,0,0,0,0,0,0,0,0,0,0,0,0,0,0,0,0,0,0,0,0,0,0,0,0,0,0,0,0,0,0,0,0,0,0,0,0,0,0,0,3,2,1,1,1,1,0,1,3,18,255,205,245,251,198,193,255,247,104,0,11,1,134,255,253,252,255,255,252,255,255,254,248,194,251,230,193,255,189,216,255,189,195,216,192,243,182,252,250,255,244,249,255,240,246,253,255,252,255,248,255,249,250,254,253,250,249,242,255,252,247,255,255,255,255,255,255,255,255,255,255,255,255,255,255,255
255,2,94,6,45,39,45,31,31,54,4,163,0,97,98,83,98,54,239,5,255,39,88,3,102,25,47,162,12,254,41,38,0,0,0,0,0,0,0,0,0,0,0,0,0,0,0,0,0,0,0,0,0,0,0,0,0,0,0,0,0,0,0,0,0,0,0,0,0,0,0,0,0,0,0,0,0,0,0,0,0,1,2,1,1,0,0,0,1,21,248,252,173,246,247,255,252,245,34,1,0,0,196,248,254,255,255,255,254,254,255,253,255,242,255,249,157,254,254,188,255,167,252,249,255,255,255,251,165,250,253,251,251,255,251,255,252,255,250,250,246,255,255,255,255,246,255,255,245,249,255,247,255,255,255,255,255,255,255,255,255,255,255,255,255,255
190,100,0,93,24,34,32,39,37,20,163,0,255,50,90,93,91,130,10,250,0,142,98,86,89,92,94,5,243,31,208,0,0,0,0,0,0,0,0,0,0,0,0,0,0,0,0,0,0,0,0,0,0,0,0,0,0,0,0,0,0,0,0,0,0,0,0,0,0,0,0,0,0,0,0,0,0,0,0,0,0,0,1,1,1,0,0,0,0,20,171,254,248,254,252,165,250,90,19,0,2,40,250,253,253,253,249,253,255,253,255,253,250,252,255,198,254,253,255,199,164,255,255,248,255,251,255,189,251,253,245,252,255,251,250,255,251,255,255,252,253,251,255,251,255,252,252,253,255,253,255,255,255,255,255,255,255,255,255,255,255,255,255,255,255,255
254,35,38,0,89,33,43,36,34,87,0,103,0,53,87,37,93,22,96,0,90,19,99,83,96,0,62,168,0,255,95,0,2,0,2,5,0,0,1,2,0,0,0,0,0,0,0,0,0,0,0,0,0,0,0,0,0,0,0,0,0,0,0,0,0,0,0,0,0,0,0,0,0,0,0,0,0,0,0,0,0,0,0,0,0,0,0,0,0,25,255,170,247,255,246,167,255,164,21,0,0,38,244,253,255,250,255,254,252,250,255,255,255,245,255,253,170,254,169,189,253,170,255,190,254,251,243,255,165,255,249,255,255,255,167,255,255,255,251,161,248,255,247,253,255,250,249,254,255,253,255,252,255,255,255,255,255,255,255,255,255,255,255,255,255,255
208,87,0,5,12,21,50,17,16,39,85,19,45,14,97,49,16,49,15,94,59,25,82,63,90,92,97,51,98,95,172,59,2,2,0,0,0,4,0,0,0,0,0,0,0,0,0,0,0,0,0,0,0,0,0,0,0,0,0,0,0,0,0,0,0,0,0,0,0,0,0,0,0,0,0,0,0,0,0,0,0,0,0,0,0,0,0,0,6,6,188,255,194,255,253,245,246,146,0,13,0,61,254,255,255,255,233,255,196,253,255,250,255,204,244,212,255,254,254,255,243,252,197,255,184,255,250,250,255,251,254,199,254,253,253,190,254,255,255,249,255,253,255,254,252,255,253,253,253,255,243,255,255,255,255,255,255,255,255,255,255,255,255,255,255,255
255,4,169,0,47,11,4,32,166,51,12,162,45,91,34,38,40,50,102,85,79,28,88,91,87,43,96,91,27,93,86,164,0,4,9,0,4,7,0,10,0,0,0,0,0,0,0,0,0,0,0,0,0,0,0,0,0,0,0,0,0,0,0,0,0,0,0,0,0,0,0,0,0,0,0,0,0,0,0,0,0,0,0,0,0,0,0,0,0,28,173,248,255,255,248,255,170,88,2,5,92,244,255,243,255,249,255,251,255,251,255,255,253,255,162,255,164,247,247,192,255,176,243,247,255,244,255,254,164,241,156,253,249,251,175,250,250,252,253,161,255,245,255,165,247,251,164,166,247,255,255,239,255,255,255,255,255,255,255,255,255,255,255,255,255,255
249,169,0,96,25,33,29,43,40,17,88,0,87,21,39,97,31,96,41,162,43,44,36,96,178,91,124,38,8,32,92,178,10,0,0,0,1,3,0,2,0,0,0,0,0,0,0,0,0,0,0,0,0,0,0,0,0,0,0,0,0,0,0,0,0,0,0,0,0,0,0,0,0,0,0,0,0,0,0,0,0,0,0,0,0,0,0,0,1,0,253,251,240,255,252,247,162,2,3,30,165,168,249,255,164,251,199,250,243,254,253,253,252,162,254,254,251,180,255,192,152,247,166,255,251,247,255,250,255,255,255,156,255,255,251,252,200,255,165,255,255,255,248,255,255,248,252,250,255,248,247,255,255,255,255,255,255,255,255,255,255,255,255,255,255,255
249,3,86,1,46,38,31,38,36,56,2,96,2,51,32,92,96,49,90,34,89,21,41,32,24,94,60,95,83,40,135,153,70,11,3,7,0,0,0,3,0,0,0,0,0,0,0,0,0,0,0,0,0,0,0,0,0,0,0,0,0,0,0,0,0,0,0,0,0,0,0,0,0,0,0,0,0,0,0,0,0,0,0,0,0,0,0,0,1,53,168,255,170,253,164,254,40,0,12,0,254,252,252,250,255,249,252,254,255,248,252,253,252,255,167,255,155,236,255,253,255,172,255,196,253,164,255,193,248,253,250,253,200,246,255,244,245,255,251,249,246,247,248,253,251,250,255,249,255,250,255,246,255,255,255,255,255,255,255,255,255,255,255,255,255,255
183,83,58,59,59,42,57,52,49,60,42,49,59,29,55,50,55,49,85,58,52,29,17,19,54,47,50,18,60,95,11,100,71,8,0,9,1,2,3,0,0,0,0,0,0,0,0,0,0,0,0,0,0,0,0,0,0,0,0,0,0,0,0,0,0,0,0,0,0,0,0,0,0,0,0,0,0,0,0,0,0,0,0,0,0,0,0,0,3,18,234,194,250,255,253,59,0,6,0,94,255,252,255,255,251,195,224,188,189,190,214,255,198,184,203,206,207,255,192,177,255,191,189,217,190,255,194,175,188,197,186,199,200,191,200,255,226,182,194,198,216,255,192,248,208,255,246,255,255,255,242,254,255,255,255,255,255,255,255,255,255,255,255,255,255,255
182,97,0,0,13,48,33,35,29,25,96,0,92,14,32,100,88,61,0,91,0,58,0,98,38,92,101,0,166,1,60,35,72,29,3,0,0,5,5,0,0,0,0,0,0,0,0,0,0,0,0,0,0,0,0,0,0,0,0,0,0,0,0,0,0,0,0,0,0,0,0,0,0,0,0,0,0,0,0,0,0,0,0,0,0,0,0,0,3,18,178,255,170,234,97,88,2,0,3,100,250,244,195,252,167,252,192,255,169,246,202,251,252,252,255,197,243,172,252,187,165,252,167,254,172,243,167,196,255,255,250,166,255,175,236,255,184,255,255,248,244,252,254,251,254,255,253,244,250,159,251,255,255,255,255,255,255,255,255,255,255,255,255,255,255,255
194,7,27,10,50,35,37,34,35,59,0,89,6,49,42,30,37,18,40,2,83,3,90,90,94,86,52,167,9,92,46,167,11,19,9,0,1,4,2,1,0,0,0,0,0,0,0,0,0,0,0,0,0,0,0,0,0,0,0,0,0,0,0,0,0,0,0,0,0,0,0,0,0,0,0,0,0,0,0,0,0,0,0,0,0,0,0,0,6,0,255,242,253,255,249,40,2,0,1,159,255,255,251,251,252,168,196,160,254,252,198,254,252,255,250,254,167,254,164,197,255,163,255,188,252,254,255,190,166,255,251,255,191,244,171,253,196,161,254,246,255,166,247,255,255,253,255,255,252,255,251,253,255,255,255,255,255,255,255,255,255,255,255,255,255,255
193,95,0,42,91,33,36,34,36,24,91,2,96,21,34,96,33,60,0,102,0,62,0,33,88,88,52,33,252,5,87,38,92,0,4,0,0,0,0,3,0,0,0,0,0,0,0,0,0,0,0,0,0,0,0,0,0,0,0,0,0,0,0,0,0,0,0,0,0,0,0,0,0,0,0,0,0,0,0,0,0,0,0,0,0,0,0,0,2,20,157,255,165,255,167,31,1,0,20,255,255,250,190,255,253,171,253,161,255,248,190,255,253,163,255,205,248,174,165,190,173,247,169,254,159,255,161,200,254,169,240,164,255,253,255,164,201,246,255,254,248,251,252,255,190,252,255,254,255,255,255,255,254,252,253,253,251,252,255,255,255,255,255,255,255,255
199,36,5,0,53,0,27,35,89,101,0,84,1,47,33,90,37,16,46,0,95,16,43,37,174,94,53,95,0,176,0,43,1,159,2,6,11,0,2,0,0,0,0,0,0,0,0,0,0,0,0,0,0,0,0,0,0,0,0,0,0,0,0,0,0,0,0,0,0,0,0,0,0,0,0,0,0,0,0,0,0,0,0,0,0,0,0,0,0,0,53,150,162,190,34,2,2,1,55,247,255,255,186,255,170,235,255,253,253,252,253,247,255,175,166,243,163,255,168,191,166,165,253,191,255,162,253,192,170,254,255,255,188,254,248,253,187,255,255,154,255,175,241,250,255,249,248,163,253,252,250,252,255,255,255,254,254,252,252,255,255,255,255,255,255,255
167,141,0,28,21,50,10,15,52,11,63,0,94,13,25,22,53,55,0,16,17,57,14,21,42,54,77,25,17,1,23,0,22,20,0,0,0,5,1,6,0,0,0,0,0,0,0,0,0,0,0,0,0,0,0,0,0,0,0,0,0,0,0,0,0,0,0,0,0,0,0,0,0,0,0,0,0,0,0,0,0,0,0,0,0,0,0,0,8,4,0,50,208,137,0,4,0,3,149,138,193,252,216,191,197,201,208,193,196,197,210,255,255,187,251,175,200,144,192,139,142,255,139,250,194,184,199,209,248,190,255,177,255,201,255,254,213,255,241,255,255,243,255,253,239,255,251,255,255,245,255,255,249,252,249,249,255,253,251,255,255,255,255,255,255,255
255,4,93,0,83,0,29,6,33,90,5,87,7,44,38,31,29,31,39,3,81,33,28,36,38,33,49,166,0,35,2,32,1,81,10,0,3,3,2,0,0,0,0,0,0,0,0,0,0,0,0,0,0,0,0,0,0,0,0,0,0,0,0,0,0,0,0,0,0,0,0,0,0,0,0,0,0,0,0,0,0,0,0,0,0,0,0,0,0,7,0,0,159,98,0,3,7,2,135,253,168,252,194,173,255,89,249,100,242,173,246,255,162,255,169,255,158,255,87,141,245,86,252,199,254,171,255,190,175,251,158,255,255,250,150,255,248,255,255,250,189,255,255,254,255,253,255,250,255,247,247,241,172,233,255,246,245,255,255,253,255,255,255,255,255,255
184,95,1,3,7,41,5,0,38,23,84,0,94,9,35,4,31,27,0,38,11,16,1,37,30,37,19,92,39,1,14,1,40,8,23,10,0,0,9,4,0,0,0,0,0,0,0,0,0,0,0,0,0,0,0,0,0,0,0,0,0,0,0,0,0,0,0,0,0,0,0,0,0,0,0,0,0,0,0,0,0,0,0,0,0,0,0,0,4,0,0,7,93,141,9,0,0,0,255,169,251,251,141,248,167,255,246,253,91,255,199,250,255,167,239,197,255,157,255,191,173,254,172,246,160,255,165,255,244,255,254,166,255,164,253,242,255,243,255,159,254,253,244,251,199,255,250,255,189,254,255,255,255,253,245,248,255,253,245,255,255,255,255,255,255,255
253,30,91,2,15,26,36,0,37,0,9,41,0,24,31,35,41,24,23,8,26,1,42,0,37,0,138,34,28,38,24,38,0,151,59,0,10,0,5,0,0,0,0,0,0,0,0,0,0,0,0,0,0,0,0,0,0,0,0,0,0,0,0,0,0,0,0,0,0,0,0,0,0,0,0,0,0,0,0,0,0,0,0,0,0,0,0,0,3,0,2,0,8,51,0,0,4,37,137,247,157,255,194,255,254,246,255,161,251,164,252,251,165,254,167,255,84,253,163,193,251,164,255,194,251,168,251,195,172,255,162,255,181,255,255,255,240,250,255,171,255,253,255,255,248,255,249,165,249,254,252,253,240,253,255,255,255,255,252,254,255,255,255,255,255,255
255,135,50,57,34,31,27,25,55,59,42,58,49,27,15,66,46,58,45,51,90,32,55,11,17,58,97,18,59,19,4,55,26,197,110,94,0,9,0,8,0,0,0,0,0,0,0,0,0,0,0,0,0,0,0,0,0,0,0,0,0,0,0,0,0,0,0,0,0,0,0,0,0,0,0,0,0,0,0,0,0,0,0,0,0,0,0,0,7,0,8,0,10,0,9,6,0,63,253,145,204,186,178,240,243,254,214,188,147,189,218,250,187,186,194,218,187,196,205,172,192,192,183,225,185,195,202,201,191,186,189,196,255,254,246,253,227,250,249,197,206,254,255,184,215,252,244,249,255,243,254,253,255,255,251,254,255,255,254,255,255,255,255,255,255,255
253,89,3,94,15,29,0,38,37,17,46,0,163,61,41,28,253,141,12,159,5,18,32,41,1,38,24,2,37,0,53,0,246,6,85,165,92,1,0,0,0,0,0,0,0,0,0,0,0,0,0,0,0,0,0,0,0,0,0,0,0,0,0,0,0,0,0,0,0,0,0,0,0,0,0,0,0,0,0,0,0,0,0,0,0,0,0,0,0,0,7,1,2,0,3,0,39,252,196,250,168,251,255,252,254,255,242,185,153,255,252,255,255,177,254,194,249,171,246,196,164,255,251,251,255,255,161,255,252,255,249,254,249,254,254,252,253,252,252,251,255,252,252,253,255,246,254,255,243,255,252,255,249,254,255,251,248,253,255,251,255,255,255,255,255,255
253,100,82,0,51,4,33,0,29,60,0,31,36,60,28,38,31,28,87,2,95,41,33,0,36,96,54,29,6,28,8,33,41,168,147,28,98,92,0,0,0,0,7,0,0,0,0,3,0,0,0,0,0,0,0,0,0,0,0,0,0,0,0,0,0,0,0,0,0,0,0,0,0,0,0,0,0,0,0,0,0,0,0,0,0,0,0,0,1,8,4,0,2,0,3,1,94,250,249,171,255,155,255,255,162,253,255,250,168,255,190,255,251,171,244,191,168,162,172,190,255,255,254,199,241,255,254,254,169,250,255,246,255,246,255,247,253,255,243,255,253,178,247,167,255,250,252,170,253,252,251,254,166,254,245,252,255,246,255,251,255,255,255,255,255,255
255,166,43,94,0,42,4,35,6,14,44,41,89,15,42,0,39,21,4,29,2,39,0,96,1,35,22,0,47,5,25,0,85,2,43,97,34,39,19,0,3,6,0,1,0,9,2,1,0,0,0,0,0,0,0,0,0,0,0,0,0,0,0,0,0,0,0,0,0,0,0,0,0,0,0,0,0,0,0,0,0,0,0,0,0,0,0,0,5,0,3,167,5,8,0,0,87,255,251,250,255,255,255,157,252,174,251,159,255,173,194,255,255,253,173,255,160,170,161,139,165,255,154,255,175,255,255,255,252,254,250,255,255,254,242,255,249,168,255,169,251,245,255,254,183,251,254,250,187,168,254,255,254,250,253,241,252,255,246,255,255,255,255,255,255,255
252,55,55,15,25,0,64,0,46,29,0,39,14,26,5,93,1,10,87,62,21,17,22,21,92,0,37,27,0,22,14,54,2,93,13,24,83,92,32,5,2,0,1,6,1,0,9,0,0,0,0,0,0,0,0,0,0,0,0,0,0,0,0,0,0,0,0,0,0,0,0,0,0,0,0,0,0,0,0,0,0,0,0,0,0,0,0,0,2,10,135,140,8,0,5,92,187,195,218,255,186,188,179,198,201,182,224,193,198,196,214,252,194,251,193,247,206,201,137,177,190,203,255,168,246,185,255,251,253,255,252,250,181,248,255,250,210,255,255,248,251,196,255,249,255,254,243,202,206,255,202,244,255,255,249,255,242,255,255,255,255,255,255,255,255,255
198,244,0,88,30,29,1,38,8,37,42,10,84,2,38,35,32,57,6,89,7,93,36,41,34,40,19,2,29,4,16,0,93,0,51,31,5,31,17,156,5,11,0,0,0,8,0,3,0,0,0,0,0,0,0,0,0,0,0,0,0,0,0,0,0,0,0,0,0,0,0,0,0,0,0,0,0,0,0,0,0,0,0,0,0,0,0,0,1,2,2,4,0,0,43,37,255,159,251,170,251,171,138,255,163,255,181,255,155,248,202,255,250,169,254,137,248,82,255,190,89,246,251,255,165,252,162,139,170,88,175,255,190,91,255,255,255,164,255,160,200,251,241,254,195,241,251,239,255,255,247,167,254,247,250,253,254,255,255,250,255,255,255,255,255,255
248,10,157,2,47,2,2,0,9,18,0,29,2,22,0,30,2,16,32,0,26,35,30,0,37,0,25,30,5,35,24,34,0,39,23,33,42,92,89,100,89,0,7,9,4,0,7,0,0,0,0,0,0,0,0,0,0,0,0,0,0,0,0,0,0,0,0,0,0,0,0,0,0,0,0,0,0,0,0,0,0,0,0,0,0,0,0,0,3,0,5,3,0,10,0,255,255,255,191,254,168,249,198,161,253,105,255,97,254,255,247,255,92,250,245,254,92,243,174,190,255,167,255,191,253,171,251,144,166,162,159,246,206,234,102,251,192,251,255,255,188,251,255,158,252,173,252,168,191,254,249,255,249,253,183,245,252,247,255,255,255,255,255,255,255,255
250,100,0,100,2,45,0,0,0,30,35,3,30,1,46,0,39,15,39,40,171,90,4,41,0,34,24,0,39,32,19,4,98,0,22,35,89,31,93,158,88,37,0,3,0,6,0,2,0,0,0,0,0,0,0,0,0,0,0,0,0,0,0,0,0,0,0,0,0,0,0,0,0,0,0,0,0,0,0,0,0,0,0,0,0,0,0,0,1,4,0,5,0,6,28,33,249,154,254,159,255,164,132,255,92,254,255,241,92,249,145,250,255,88,250,142,255,252,252,148,95,251,250,251,255,253,164,189,163,174,167,180,199,251,255,153,250,155,255,156,251,251,241,255,196,255,160,254,255,255,255,253,251,255,250,250,255,250,241,255,255,255,255,255,255,255
210,57,41,25,51,22,15,31,25,24,23,23,21,12,2,25,50,42,51,10,74,50,54,51,25,20,76,57,22,16,17,21,0,27,52,46,56,98,27,147,57,143,20,1,3,2,1,1,0,0,0,0,0,0,0,0,0,0,0,0,0,0,0,0,0,0,0,0,0,0,0,0,0,0,0,0,0,0,0,0,0,0,0,0,0,0,0,0,2,0,2,0,7,5,7,195,194,201,177,250,124,253,183,191,248,189,225,135,201,252,143,187,135,194,151,172,137,188,149,129,188,192,197,224,191,253,191,255,191,246,251,246,169,148,132,206,208,255,195,204,161,199,184,189,214,192,202,189,214,255,246,253,195,251,255,255,251,254,253,255,255,255,255,255,255,255
252,40,93,0,4,2,36,0,35,18,2,32,8,13,9,30,2,14,33,9,28,4,92,4,89,4,17,89,38,35,4,89,4,33,54,97,28,39,93,0,255,1,252,25,3,0,0,4,0,0,0,0,0,0,0,0,0,0,0,0,0,0,0,0,0,0,0,0,0,0,0,0,0,0,0,0,0,0,0,0,0,0,0,0,0,0,0,0,1,1,5,0,1,0,1,33,170,165,192,174,170,172,136,255,255,254,248,170,248,175,188,255,162,255,156,255,156,255,166,197,253,163,254,185,255,94,255,187,165,171,255,255,194,253,165,254,196,255,246,255,201,160,255,164,249,174,250,252,255,255,255,255,249,255,251,247,253,253,255,248,255,255,255,255,255,255
251,174,0,100,0,35,2,29,1,15,28,13,28,23,27,4,31,23,39,29,0,59,7,160,0,92,20,37,89,37,23,0,94,5,96,88,41,91,87,253,0,169,0,149,30,7,0,0,0,1,3,0,0,7,0,2,0,0,7,0,2,0,3,0,1,0,0,1,6,0,1,0,0,5,0,5,0,4,0,7,5,2,0,6,2,1,8,0,0,0,0,1,4,2,9,26,35,88,141,165,170,165,137,253,255,255,191,162,165,165,197,164,249,171,167,192,255,161,171,191,165,253,163,247,166,255,87,255,168,171,164,171,190,166,255,159,250,165,255,162,195,255,153,255,187,255,169,255,250,164,255,255,254,255,252,248,254,255,248,255,254,255,252,253,255,254
255,29,39,30,103,0,35,8,36,27,6,25,9,12,12,31,3,47,32,35,40,12,29,9,90,9,52,37,5,95,41,102,0,164,57,39,87,92,93,36,253,34,251,61,89,91,33,4,2,0,0,0,5,0,5,1,0,6,2,5,3,6,0,1,0,7,0,2,0,4,6,7,4,8,0,0,9,0,1,3,0,0,7,1,0,4,0,2,2,2,0,2,3,0,1,14,36,36,145,162,161,157,206,253,162,250,194,172,169,252,144,159,168,253,163,195,156,175,170,191,254,173,254,201,252,91,255,138,248,87,165,160,191,255,251,255,202,249,168,244,198,165,255,161,255,250,251,157,188,255,166,250,255,255,255,248,247,247,253,255,251,255,255,248,251,252
183,12,0,3,15,39,0,35,3,15,41,0,30,7,33,0,39,11,52,34,35,56,7,90,5,76,19,39,31,37,0,1,173,4,55,24,38,34,21,255,0,176,32,133,96,87,91,21,10,0,5,0,5,0,0,5,0,0,1,2,2,0,2,0,0,0,3,4,15,0,2,0,0,5,11,0,2,0,6,0,0,12,0,0,10,0,4,5,2,1,0,2,2,0,0,3,0,42,129,253,177,246,135,163,255,160,191,157,250,250,136,255,162,172,169,189,172,166,161,186,161,255,245,254,161,252,255,189,168,252,253,174,178,255,253,162,247,171,253,171,199,235,175,245,193,250,170,251,197,172,255,161,252,250,250,255,252,255,255,254,182,232,255,248,255,254
218,0,52,5,28,0,58,1,0,19,0,28,0,21,12,24,0,17,18,0,26,31,15,6,17,27,30,20,6,23,5,46,0,61,10,5,21,8,13,0,59,16,143,108,93,91,89,116,45,2,2,2,0,12,0,0,2,2,0,0,4,1,1,5,3,4,0,10,0,0,0,3,8,0,2,0,0,3,0,0,7,0,7,6,0,2,4,0,0,0,0,1,2,0,0,1,0,0,83,193,181,212,171,187,198,248,238,140,197,200,139,196,194,191,127,219,144,189,137,153,198,145,254,137,192,248,255,249,143,243,255,136,255,255,194,255,210,255,197,255,206,213,242,195,251,183,255,183,228,231,255,255,255,255,243,255,246,255,247,255,245,252,254,249,255,251
254,165,2,37,3,32,4,39,0,4,35,0,38,0,36,4,37,17,36,41,0,57,0,34,0,86,25,1,36,86,90,1,35,3,57,12,0,0,8,96,0,95,36,95,92,96,83,18,95,100,0,0,4,0,0,12,0,8,0,0,2,6,0,7,0,1,5,0,0,6,6,0,0,9,0,10,0,0,3,5,4,5,4,0,0,2,0,2,1,0,0,1,1,0,1,1,7,0,137,176,249,160,144,255,177,248,178,250,89,255,136,164,255,164,253,140,252,166,255,131,159,251,88,193,172,255,255,252,167,253,152,163,196,156,250,168,255,158,255,165,199,241,158,255,201,252,160,255,190,166,255,156,244,255,255,241,255,255,243,254,254,255,255,248,255,238
252,9,30,4,13,6,3,0,6,20,0,34,8,14,11,24,0,51,40,29,36,16,48,0,97,0,46,36,94,29,52,93,3,40,0,27,40,35,1,1,88,35,76,100,160,98,97,56,92,95,89,99,36,3,0,0,0,0,7,3,0,0,9,0,2,0,0,4,3,4,0,15,19,42,0,42,25,97,0,93,40,42,6,0,4,3,7,0,4,0,1,2,0,0,1,0,4,0,92,255,165,255,181,82,248,166,253,92,253,153,150,251,170,250,255,244,250,255,81,255,255,249,255,134,246,249,244,251,254,159,255,165,188,247,173,254,201,253,166,250,190,172,255,160,250,161,255,170,255,255,157,254,172,240,169,251,245,250,255,246,255,240,250,255,253,199
253,251,31,94,9,25,1,41,0,22,33,0,23,8,38,1,38,22,80,41,33,45,4,93,29,97,58,0,39,33,7,4,95,0,50,106,31,36,29,89,33,100,7,86,85,90,90,89,96,158,176,181,169,34,0,0,0,14,1,4,0,8,0,5,0,8,4,34,21,32,2,82,138,35,96,158,200,162,243,172,249,65,0,6,7,0,0,0,2,0,2,3,0,0,2,0,0,6,141,160,250,179,195,251,90,255,190,252,95,254,129,250,246,255,249,201,250,164,253,187,165,255,161,206,244,255,255,248,162,252,175,241,250,162,251,159,255,159,255,160,196,253,157,253,198,255,151,253,199,253,255,159,244,255,255,252,250,255,253,253,253,253,255,249,247,206
251,138,58,19,13,24,23,19,24,32,17,27,21,9,23,19,21,32,59,43,56,59,57,48,58,44,80,55,51,53,84,53,93,55,47,91,47,99,44,55,54,132,0,110,99,92,94,81,140,59,129,86,134,92,87,115,26,128,20,53,37,95,0,91,32,43,142,90,218,139,136,144,181,189,87,148,46,196,200,252,52,29,4,1,0,0,5,3,0,0,2,4,0,1,3,0,2,0,9,140,138,248,177,141,252,195,251,142,253,134,226,249,199,255,137,255,254,195,197,253,255,187,255,217,252,191,243,219,191,206,241,198,253,196,186,197,214,192,193,199,203,201,189,195,213,187,197,196,175,191,192,191,201,248,255,250,192,252,252,254,253,252,255,249,255,216
255,160,92,35,50,10,36,4,37,19,0,38,0,22,5,91,0,25,26,8,39,21,92,3,86,39,55,34,36,40,23,90,7,156,61,90,97,84,147,5,250,5,252,96,92,95,92,137,33,252,4,182,169,100,85,99,255,35,255,36,254,89,255,33,94,255,85,255,134,252,93,255,144,90,160,106,183,38,249,41,25,9,2,5,1,0,0,0,0,0,0,0,0,0,0,0,2,0,25,39,168,158,197,255,168,170,194,253,161,255,196,255,255,157,177,186,255,164,170,189,255,154,170,140,254,253,248,255,254,154,255,255,192,251,171,255,200,247,165,250,192,173,249,170,255,163,241,178,192,252,253,254,254,254,255,255,245,250,255,168,255,251,253,247,255,249
255,175,0,41,58,23,2,33,2,0,39,0,47,0,32,4,95,18,7,20,92,52,0,87,0,91,16,33,38,32,85,6,83,15,42,35,40,44,42,88,6,161,0,87,91,88,97,63,255,0,247,100,90,87,253,182,30,254,78,255,140,246,38,94,137,99,254,93,255,94,255,89,137,94,92,243,47,254,40,154,10,0,0,3,3,2,3,3,0,0,0,0,0,0,0,0,0,5,0,41,35,166,202,156,245,177,237,167,255,156,255,248,248,255,151,204,164,94,167,255,89,176,250,255,251,253,167,254,162,255,168,247,198,169,238,251,251,255,255,169,192,255,255,246,200,254,170,243,193,172,255,163,245,193,251,158,254,200,248,254,249,254,168,255,168,255
249,33,35,21,22,0,11,33,6,5,3,35,5,21,11,35,3,46,32,44,27,18,44,5,94,5,48,32,32,40,26,85,0,86,26,41,82,32,55,2,81,9,182,10,35,95,86,131,0,255,4,145,94,167,97,89,255,34,255,30,251,104,155,33,136,160,100,252,93,251,0,255,55,83,174,100,141,0,255,2,3,0,0,3,3,0,1,1,0,0,0,0,0,0,0,0,1,0,6,0,77,8,131,255,166,255,205,244,255,250,244,173,255,153,255,209,237,98,163,188,251,254,239,255,255,248,255,248,250,255,254,170,246,252,167,255,196,246,167,255,187,167,245,169,250,249,254,167,255,250,163,255,169,255,177,255,246,192,254,255,255,192,251,172,231,196
255,196,28,58,3,4,0,7,2,0,30,3,39,17,25,0,20,4,3,22,21,31,4,39,0,47,19,26,19,23,25,2,59,4,22,56,24,19,18,42,5,40,0,27,54,21,51,87,254,98,143,71,86,90,188,111,83,255,139,152,168,201,95,142,142,147,134,101,138,91,130,93,140,89,85,135,75,141,95,0,3,0,1,3,2,0,0,0,0,0,0,0,0,0,0,0,0,4,0,0,17,133,62,128,186,198,207,195,195,201,176,194,190,191,197,204,201,137,191,215,143,190,193,249,255,249,191,219,137,249,192,192,222,188,255,184,255,201,245,195,213,253,204,247,217,253,198,240,212,249,255,196,254,207,250,188,254,209,190,253,186,247,197,255,207,244
251,92,27,0,11,10,2,0,6,22,0,38,4,0,0,30,0,25,0,0,32,30,88,1,94,1,42,30,35,34,23,94,0,98,26,30,42,30,55,5,89,3,35,27,79,88,94,131,89,91,88,95,97,91,40,89,99,167,87,169,183,170,161,175,143,98,154,88,103,164,101,171,92,97,89,170,110,29,0,4,0,0,0,1,2,0,1,4,0,0,0,0,0,0,0,0,5,0,7,0,1,0,102,91,253,172,255,165,243,255,253,247,255,254,165,147,157,250,171,187,255,255,255,255,250,159,255,253,255,163,255,166,197,255,179,255,187,255,165,246,199,159,253,171,251,167,255,164,192,255,249,252,243,254,164,255,255,191,252,166,250,207,244,244,255,250
255,156,37,38,4,36,0,97,0,16,77,0,85,7,36,7,32,25,26,46,37,82,6,96,0,92,33,41,36,29,60,0,93,0,48,39,31,42,24,80,33,94,0,33,85,40,96,88,94,86,169,99,90,95,154,136,156,171,164,90,205,162,176,157,45,155,101,160,135,96,85,89,86,95,161,169,81,37,9,0,0,2,0,0,2,1,1,5,0,0,0,0,0,0,0,0,5,0,5,0,3,6,136,250,171,251,190,253,172,255,190,250,248,253,247,140,255,166,246,255,161,157,253,251,253,253,252,249,90,253,161,255,255,152,248,164,252,164,254,169,196,255,167,246,198,252,158,255,184,182,247,168,255,251,253,166,254,190,245,247,167,249,171,255,165,255
243,96,31,5,50,3,39,0,0,2,0,38,101,95,5,32,0,20,36,38,34,25,84,2,87,0,55,34,29,42,12,94,0,94,35,23,49,19,58,6,82,0,29,5,30,91,36,55,95,86,91,128,89,92,44,134,93,167,98,161,189,34,163,94,147,89,159,97,142,164,95,96,100,94,80,96,50,0,0,0,2,4,1,0,2,0,0,0,0,0,0,0,0,0,0,0,0,11,0,10,0,0,59,96,98,94,192,96,245,252,196,253,98,170,170,255,245,254,37,191,255,255,155,207,254,95,250,201,255,250,252,89,153,252,167,255,202,253,160,255,176,167,254,167,255,164,251,173,188,250,167,252,168,250,255,241,171,198,252,179,255,195,252,173,247,188
255,0,3,52,4,18,21,7,2,27,30,18,89,26,0,52,24,31,54,56,55,25,59,51,58,56,46,57,53,57,71,58,52,53,52,48,53,59,24,53,97,22,57,27,99,44,55,48,52,95,55,178,96,136,48,82,148,46,193,140,139,92,142,49,104,96,135,202,133,194,96,137,73,89,143,90,22,0,0,4,0,2,0,0,2,2,0,0,0,0,0,0,0,0,0,0,5,0,5,0,1,5,4,88,92,189,182,194,202,252,210,255,253,252,254,216,253,147,185,255,251,254,255,246,199,194,194,252,194,255,194,195,164,192,196,193,214,189,190,196,183,193,191,199,206,255,198,182,181,192,250,196,191,255,194,251,254,212,196,250,255,210,196,193,190,250
250,97,0,45,0,2,0,41,0,23,33,8,24,10,21,6,89,21,36,35,42,51,4,90,2,91,20,32,8,30,56,0,92,0,53,29,33,43,24,255,4,83,1,49,40,92,36,54,89,3,252,57,162,91,157,97,32,176,87,250,97,164,33,253,136,95,254,95,182,34,255,0,141,165,94,84,0,2,0,6,0,0,0,0,0,0,0,0,0,0,0,0,0,0,0,0,4,0,1,0,3,0,0,7,39,159,255,91,171,244,255,254,255,255,164,196,252,164,88,255,255,254,253,198,162,167,249,195,157,255,255,253,255,168,245,171,255,167,255,166,194,252,167,253,192,255,162,255,199,255,255,156,247,255,255,173,245,200,237,255,165,255,168,253,255,255
252,96,13,22,42,25,10,32,0,27,1,31,19,11,8,86,8,48,45,33,39,20,89,41,88,8,52,31,39,25,17,99,0,90,29,29,30,35,53,0,92,4,87,32,88,0,41,91,31,255,0,137,162,84,104,49,255,32,167,96,196,34,255,35,151,158,96,159,97,251,2,254,86,95,161,107,5,2,8,0,0,0,0,0,0,0,0,0,0,0,0,0,0,0,0,0,0,0,2,0,1,2,7,27,94,38,135,178,164,252,198,165,254,245,98,134,249,88,255,246,251,248,255,248,165,170,168,194,173,248,254,156,255,254,255,157,190,254,160,157,192,169,255,164,254,240,255,159,255,241,255,255,171,247,87,253,255,189,250,252,250,188,253,166,255,239
255,33,0,6,47,0,23,4,8,0,3,0,37,0,5,3,80,31,28,35,29,56,0,86,0,89,21,42,29,43,50,7,93,4,46,41,41,28,20,86,0,90,7,16,0,36,0,19,169,0,164,0,33,90,172,132,162,248,42,245,137,255,38,250,90,82,175,86,144,37,249,40,140,97,103,22,0,0,2,0,0,0,0,0,0,0,0,0,0,0,0,0,0,0,0,0,5,1,2,1,2,0,0,6,160,169,141,78,167,93,187,251,255,253,154,209,161,168,155,255,171,251,163,252,255,165,247,196,167,253,158,174,246,157,255,163,190,169,253,182,181,255,250,255,188,249,170,244,197,179,239,161,255,190,255,165,251,181,254,250,165,255,163,244,254,255
249,31,3,42,84,2,1,0,0,4,0,41,0,11,0,3,6,18,95,35,30,33,91,0,82,6,38,37,31,46,17,93,0,86,22,34,33,35,61,0,90,7,88,5,37,36,31,55,3,237,37,142,97,32,94,94,253,31,240,40,255,28,247,39,134,104,82,249,99,249,35,254,95,85,164,98,0,2,5,2,0,0,0,0,0,0,0,0,0,0,0,0,0,0,0,0,0,0,3,0,0,0,5,25,36,164,140,255,165,249,195,255,253,166,251,137,253,90,252,249,255,171,250,185,177,242,177,192,169,163,166,238,199,169,248,168,195,170,163,166,191,164,250,171,253,255,250,172,255,255,174,255,165,255,171,253,255,255,253,255,253,185,255,255,254,253
255,47,19,26,26,20,0,23,0,18,23,1,3,2,0,0,18,4,0,1,2,41,0,58,0,60,14,18,18,11,29,0,50,1,32,0,22,8,4,18,0,27,0,17,0,23,1,50,135,110,133,74,132,24,26,25,144,143,97,141,143,198,18,142,81,45,98,139,73,92,148,47,110,87,95,82,4,0,3,0,0,0,0,0,0,0,0,0,0,0,0,0,0,0,0,0,0,0,3,0,0,0,5,25,92,134,139,89,141,143,178,187,147,244,255,177,191,201,130,171,128,146,191,178,191,197,194,210,192,205,194,198,255,133,255,141,206,255,182,196,193,246,255,249,218,250,131,141,203,191,251,190,254,235,248,141,251,203,255,255,199,251,188,246,250,249
255,93,0,0,0,8,1,0,0,0,1,0,0,0,4,41,0,9,0,0,46,0,98,0,95,0,52,34,38,36,26,94,0,0,21,36,0,33,60,0,5,0,38,4,32,46,29,52,6,81,35,147,4,34,0,105,37,34,28,165,93,32,168,33,99,27,93,104,88,90,30,95,92,33,97,92,8,6,0,0,0,0,0,0,0,0,0,0,0,0,0,0,0,0,0,0,5,1,2,1,2,0,0,6,167,40,138,29,248,97,194,255,164,248,244,194,94,250,39,255,94,251,172,206,238,172,247,196,254,85,251,90,185,255,249,254,141,255,97,248,252,166,255,162,254,254,255,162,198,255,161,249,169,255,173,251,166,206,242,173,252,195,254,254,255,235
240,5,4,7,2,31,9,0,4,0,0,0,0,5,0,1,10,4,13,0,0,0,11,89,3,90,25,37,0,31,61,0,95,0,44,5,37,5,16,37,9,32,7,47,0,45,26,33,164,85,42,19,92,35,165,41,156,40,169,94,93,167,36,173,90,93,93,81,93,91,91,96,91,96,86,40,0,2,3,5,0,0,0,0,0,0,0,0,0,0,0,0,0,0,0,0,0,0,2,0,1,2,7,27,30,166,91,255,255,255,139,254,253,255,255,191,255,254,247,255,255,169,249,184,171,254,161,255,91,255,97,255,242,100,249,165,255,161,250,89,188,255,164,253,255,249,93,247,255,241,255,167,251,196,249,155,250,200,250,248,169,249,173,247,167,255
255,33,30,35,52,0,0,1,4,0,6,0,9,0,2,32,0,8,3,4,32,8,79,7,89,3,46,35,39,37,13,41,0,87,10,36,0,40,47,4,30,1,29,3,42,0,45,47,0,94,160,91,167,248,99,190,255,162,94,165,131,172,81,92,137,93,164,34,95,167,98,84,90,93,96,87,0,0,10,0,0,0,0,0,0,0,0,0,0,0,0,0,0,0,0,0,4,0,1,0,3,0,0,7,96,167,189,95,252,248,255,252,165,162,249,196,161,251,255,252,166,247,175,195,254,164,255,186,255,241,253,254,144,250,255,255,254,252,170,255,184,255,255,249,252,247,255,167,255,255,157,254,163,194,171,250,255,248,255,255,254,190,253,255,249,196
255,50,18,53,7,51,3,0,2,2,17,53,24,20,11,51,4,6,19,1,2,74,55,52,52,45,54,56,44,96,49,52,20,63,45,25,43,29,44,28,52,21,52,2,27,53,27,49,93,192,142,134,195,196,182,143,193,50,194,198,138,90,99,89,107,138,141,141,80,136,59,140,104,94,93,49,0,11,0,3,0,0,0,0,0,0,0,0,0,0,0,0,0,0,0,0,3,1,3,0,0,0,2,20,143,195,168,253,144,255,201,255,186,255,255,249,253,200,249,214,255,200,255,218,194,252,193,250,188,255,244,249,247,140,184,144,253,189,255,199,172,255,199,192,215,254,139,248,176,255,191,195,255,212,253,200,251,252,253,254,198,202,203,250,255,246
255,37,34,23,59,0,32,5,42,17,40,38,28,25,0,89,36,8,0,39,2,20,0,95,5,93,52,95,92,33,26,0,93,0,63,4,46,29,25,89,0,36,0,59,0,92,0,30,92,159,255,139,250,168,255,195,164,159,168,251,141,242,35,251,93,164,169,169,179,5,248,0,143,168,87,1,5,0,6,1,0,0,0,0,0,0,0,0,0,0,0,0,0,0,0,0,0,0,1,3,6,2,0,3,82,164,148,85,250,254,250,251,255,164,255,195,171,250,174,252,163,253,166,189,255,170,255,193,255,166,255,163,196,251,170,248,198,255,158,168,250,255,251,246,248,251,249,91,191,255,250,244,245,255,252,252,255,253,254,247,255,251,235,255,255,255
245,28,50,36,9,48,0,93,0,6,28,41,21,43,73,9,93,5,0,1,6,5,90,102,94,0,53,37,31,39,13,39,1,38,0,33,0,26,55,0,33,3,40,0,35,5,40,18,85,181,90,134,174,255,89,51,255,88,164,167,196,175,252,160,193,159,170,161,58,253,35,255,51,93,91,95,12,0,0,7,0,0,0,0,0,0,0,0,0,0,0,0,0,0,0,0,2,0,2,0,0,0,8,31,46,35,88,172,255,253,191,255,159,253,251,138,243,173,253,200,251,166,249,208,166,248,169,254,168,255,167,248,205,151,255,173,244,255,253,167,255,255,252,255,255,254,255,165,255,255,242,255,179,245,252,251,244,248,254,255,255,255,250,255,255,252
255,42,0,1,65,1,0,4,100,16,31,38,36,2,8,86,5,0,26,33,0,23,31,83,38,86,50,32,102,34,57,0,81,1,20,38,35,2,19,45,6,30,0,23,8,29,3,52,175,85,92,97,91,162,87,99,92,249,36,250,91,162,85,255,143,96,165,93,140,31,255,0,140,159,96,26,0,3,7,0,0,0,0,0,0,0,0,0,0,0,0,0,0,0,0,0,4,2,4,2,2,0,0,10,87,94,141,89,253,243,255,167,252,173,254,201,165,255,170,248,173,250,164,196,244,162,253,197,254,161,254,167,179,183,152,247,201,253,243,255,238,255,252,246,252,250,249,97,177,252,250,255,248,186,254,255,255,253,254,165,250,253,255,254,255,248
243,19,13,6,50,0,4,51,45,23,19,18,27,0,25,53,0,25,25,22,0,35,48,7,47,4,49,31,21,0,35,53,8,18,19,53,20,36,4,0,46,9,49,14,23,0,26,28,52,90,55,90,151,148,86,214,142,193,146,145,76,18,204,137,111,88,52,29,71,189,58,132,52,106,138,57,0,10,0,8,0,0,0,0,0,0,0,0,0,0,0,0,0,0,0,0,0,0,2,2,3,1,0,16,51,91,73,138,149,200,212,188,193,195,187,136,197,191,193,215,192,181,210,154,201,206,182,213,196,192,183,200,174,185,204,199,218,250,199,195,221,177,196,254,255,245,188,198,217,249,255,237,250,226,255,243,255,255,194,253,255,254,255,247,252,249
255,22,40,37,31,86,1,38,6,0,5,7,2,6,32,0,39,7,29,3,40,15,4,247,1,40,0,87,92,89,86,0,38,3,15,2,31,0,21,44,8,29,4,28,0,43,0,27,162,95,164,56,255,0,253,53,156,43,83,36,55,163,4,164,59,25,31,42,103,82,174,95,21,76,93,100,0,2,4,4,0,0,0,0,0,0,0,0,0,0,0,0,0,0,0,0,0,0,3,0,0,0,11,37,95,164,83,168,87,254,248,254,159,252,255,187,254,163,255,255,255,169,252,205,162,248,166,255,162,254,164,255,207,164,252,255,243,172,255,154,255,245,170,246,253,255,247,246,253,255,240,255,255,191,248,251,254,191,246,169,251,247,255,248,254,252
250,43,1,0,56,7,73,6,0,5,0,0,5,0,0,34,0,0,0,4,40,1,160,7,159,2,97,37,91,37,50,36,0,39,2,30,11,23,23,0,86,4,85,3,38,0,92,23,37,91,0,141,0,166,8,91,168,87,94,91,93,28,166,87,193,93,39,32,139,97,27,99,47,102,96,35,5,3,0,1,0,0,0,0,0,0,0,0,0,0,0,0,0,0,0,0,4,2,6,4,3,0,0,6,89,108,93,95,255,153,255,253,255,162,252,193,167,255,160,251,162,246,169,187,254,172,252,190,255,162,255,148,192,252,248,255,198,255,251,255,253,252,255,255,255,252,251,99,255,255,255,246,248,205,94,255,253,250,253,253,255,252,255,255,255,255
254,0,1,42,20,82,13,88,1,4,0,7,2,19,34,5,40,2,1,1,3,22,4,89,3,172,50,83,94,89,27,0,37,0,14,5,31,6,24,34,4,34,11,14,15,24,5,18,87,89,39,22,255,93,249,51,91,34,168,88,86,173,38,165,54,166,85,161,140,94,255,88,92,95,91,91,0,0,4,0,0,0,0,0,0,0,0,0,0,0,0,0,0,0,0,0,0,0,3,0,0,0,8,31,92,158,101,253,157,255,253,251,163,255,164,193,255,162,255,196,255,170,255,190,166,254,168,254,169,246,162,252,197,167,255,161,255,255,244,172,251,252,248,255,247,255,167,251,251,255,253,255,255,186,253,35,255,249,255,250,255,249,255,254,254,255
255,17,0,0,42,0,0,5,0,13,19,0,25,5,15,44,1,10,0,24,3,0,18,53,140,45,84,44,99,51,45,2,47,31,7,53,48,22,31,50,20,21,21,48,22,59,46,78,94,138,148,133,95,196,51,183,143,88,98,84,112,147,141,140,105,59,89,88,107,90,137,97,170,141,136,53,4,0,0,3,0,0,0,0,0,0,0,0,0,0,0,0,0,0,0,0,5,4,1,2,3,0,0,11,195,248,211,198,252,194,249,192,255,186,255,211,193,252,200,250,186,254,198,215,249,196,252,212,255,253,248,196,218,255,246,254,214,249,205,248,255,255,252,255,253,249,255,141,252,254,253,255,251,255,139,251,249,252,194,255,255,255,255,254,252,243
244,40,46,40,12,97,7,85,0,3,39,45,0,37,85,6,94,0,0,5,0,53,37,90,91,99,100,92,37,91,59,92,34,82,63,36,32,34,51,2,40,0,35,2,86,7,92,26,169,160,159,150,160,87,181,82,91,37,92,107,186,88,162,86,194,162,91,168,97,250,99,243,138,159,176,89,0,12,1,1,0,0,0,0,0,0,0,0,0,0,0,0,0,0,0,0,0,0,0,0,5,3,6,19,254,84,197,250,165,255,253,255,167,255,155,201,250,170,245,204,255,170,239,193,176,242,173,255,164,250,177,248,191,160,255,255,254,250,244,254,188,250,165,253,192,253,247,248,250,255,249,250,254,248,251,182,255,247,174,248,249,254,248,255,250,255
247,39,14,39,56,7,78,8,101,0,34,32,31,18,1,38,2,0,40,31,96,18,34,96,94,88,88,40,85,41,47,4,39,88,18,37,34,0,91,35,0,33,7,63,0,40,0,94,162,94,172,101,86,93,162,92,89,90,86,166,144,163,36,100,94,93,171,173,198,28,255,37,145,89,248,0,0,0,1,1,0,0,0,0,0,0,0,0,0,0,0,0,0,0,0,0,3,2,1,3,3,0,0,7,97,165,142,174,246,165,255,160,249,169,255,193,167,250,165,248,163,250,162,207,249,164,249,198,250,171,255,168,197,255,160,253,192,251,164,255,255,255,252,159,252,254,254,173,255,243,249,253,255,251,176,231,255,255,92,168,255,255,255,251,254,250
252,48,36,33,17,97,6,1,0,23,38,37,4,27,31,4,31,8,32,11,21,31,89,89,88,99,51,88,41,90,56,88,0,86,50,30,37,36,137,0,35,2,29,56,92,27,95,96,101,88,92,131,167,95,37,92,87,91,172,82,98,90,248,95,92,159,163,164,52,254,86,255,96,167,165,169,7,0,4,3,0,0,0,0,0,0,0,0,0,0,0,0,0,0,0,0,3,2,2,4,2,0,0,2,87,92,128,255,167,255,247,255,254,253,159,190,255,162,255,195,253,167,255,183,161,255,163,247,162,253,165,255,190,247,255,254,253,165,252,255,248,244,254,255,204,252,157,255,248,255,251,254,253,255,248,174,255,254,251,170,247,248,253,255,255,255
250,90,31,34,57,4,27,0,0,23,31,35,44,38,9,86,0,0,36,34,34,21,41,91,91,91,86,101,24,102,48,90,38,93,28,27,34,95,51,100,35,39,34,46,38,87,36,132,165,90,167,199,175,151,93,98,173,98,90,175,90,164,96,92,141,172,166,166,88,38,255,84,184,174,84,166,16,5,2,0,0,0,0,0,0,0,0,0,0,0,0,0,0,0,0,0,0,0,0,3,2,1,2,3,97,255,131,103,161,170,253,255,254,156,252,191,170,247,162,249,162,249,160,188,252,154,253,203,255,162,248,173,201,254,169,248,205,247,166,255,249,255,249,168,236,255,251,168,254,255,252,251,250,194,167,246,159,194,170,248,254,195,255,246,247,253
255,27,27,47,48,44,6,53,27,0,58,22,10,42,14,21,54,9,19,4,48,49,79,58,91,49,120,79,66,49,48,60,22,17,16,97,44,46,33,19,25,20,56,15,97,23,137,57,85,92,91,144,53,144,46,113,52,133,255,134,109,58,196,17,54,87,133,101,102,151,42,201,138,191,68,48,0,2,5,1,0,0,0,0,0,0,0,0,0,0,0,0,0,0,0,0,2,0,1,3,0,0,1,0,138,78,150,185,88,200,217,179,186,210,187,183,193,181,209,208,192,201,195,185,196,197,192,204,185,196,255,198,163,196,252,205,214,195,192,247,219,254,253,252,255,255,192,183,255,244,243,255,242,255,195,200,192,218,183,204,255,198,190,255,255,217
247,96,27,38,10,101,0,36,1,21,0,37,4,0,35,4,34,3,37,0,48,48,9,163,9,83,24,152,94,80,69,0,94,0,85,0,177,1,2,91,3,81,4,49,0,88,0,136,97,95,174,45,250,40,253,133,92,93,172,167,54,244,3,255,54,174,35,161,95,98,249,3,141,89,88,31,5,2,3,2,0,0,0,0,0,0,0,0,0,0,0,0,0,0,0,0,0,0,0,1,0,1,4,1,168,167,93,160,175,252,193,255,171,255,157,202,251,162,255,192,255,157,239,197,163,251,167,254,168,255,161,255,199,255,255,149,241,179,255,240,199,253,163,255,255,249,174,250,253,254,255,253,255,255,248,167,249,141,174,241,253,197,164,250,255,252
253,157,40,35,35,2,95,0,36,1,0,3,33,24,1,33,0,48,31,38,26,28,249,4,161,9,128,99,84,41,49,255,3,96,4,89,36,88,49,0,92,6,92,21,255,4,166,57,94,165,86,197,35,253,37,193,163,94,94,83,149,3,245,38,190,83,173,162,95,154,107,159,143,162,166,88,0,0,5,0,0,0,0,0,0,0,0,0,0,0,0,0,0,0,0,0,2,0,0,1,0,0,3,0,93,174,79,176,247,255,253,161,255,157,255,192,166,252,161,255,165,253,175,199,249,169,248,195,255,166,255,164,251,254,245,255,200,250,161,255,253,251,255,252,253,254,247,93,251,254,253,254,255,188,173,249,169,248,95,254,255,190,249,176,250,249
252,96,35,39,17,94,1,36,0,57,0,35,3,23,37,1,31,1,32,2,89,16,6,253,3,94,88,250,37,90,97,36,87,36,50,2,91,2,139,94,30,94,95,90,0,253,6,137,96,88,90,53,255,37,254,92,93,93,255,82,95,170,162,253,95,168,90,166,140,32,255,168,255,164,255,34,2,2,0,1,0,0,0,0,0,0,0,0,0,1,1,0,0,2,2,0,3,0,0,5,3,0,5,0,167,252,139,165,252,255,255,253,158,255,169,196,251,158,255,194,249,171,254,182,170,254,162,250,169,255,168,250,193,255,253,166,255,255,241,255,253,250,255,255,250,255,165,250,188,255,247,255,255,254,253,173,252,195,255,160,255,187,171,255,252,252
255,47,0,19,88,0,51,0,53,0,62,0,0,36,0,23,5,48,22,23,26,50,140,53,134,91,175,153,90,56,103,139,95,138,109,126,60,90,74,90,150,45,88,33,130,99,138,106,133,144,141,249,144,190,92,168,135,95,127,205,103,90,142,95,174,131,199,142,143,189,138,195,216,141,206,179,16,4,1,1,1,1,1,1,1,1,1,1,1,0,0,6,0,0,5,0,5,0,6,3,0,2,0,2,197,201,209,255,254,194,244,254,255,249,240,218,189,253,192,252,204,245,192,231,238,184,255,213,251,253,244,255,219,252,255,252,255,241,216,238,253,255,251,237,251,253,245,206,255,243,249,246,251,254,247,255,252,252,253,254,251,252,255,250,252,253
254,176,163,95,84,249,39,165,40,136,36,159,100,88,253,90,252,189,168,163,161,200,87,252,170,255,190,254,158,244,211,158,255,156,255,172,247,165,199,252,166,161,180,195,176,244,99,194,255,252,253,255,253,250,255,255,255,170,253,255,254,255,251,250,255,250,255,245,251,252,249,252,243,253,251,255,147,83,93,94,93,93,93,93,93,93,93,93,93,101,89,237,255,182,251,255,241,255,246,250,255,90,251,252,252,245,255,255,255,245,255,251,247,255,255,240,255,255,243,254,250,243,255,249,255,252,252,255,253,248,255,255,242,249,255,250,253,252,238,255,254,253,255,255,255,252,255,248,248,253,255,250,252,255,248,255,252,252,254,254,251,252,255,250,252,253
